0.0,0.0,0.0,0.0,0.0,0.0,0.0,0.0,0.0,1.0
0.25882354378700256,0.3235294222831726,0.16470588743686676,0.25294119119644165,0.3235294222831726,1.3596748113632202,0.7372318208217621,4.0,0.06470587849617004,3.8949265099910866
0.0,0.0,0.0,0.0,0.0,0.0,0.0,0.0,0.0,1.0
0.0,0.0,0.0,0.0,0.0,0.0,0.0,0.0,0.0,1.0
0.0,0.0,0.0,0.0,0.0,0.0,0.0,0.0,0.0,1.0
0.25190839171409607,0.3129771053791046,0.19083969295024872,0.2442748099565506,0.3129771053791046,1.371253490447998,0.7424975037574768,4.0,0.061068713665008545,3.940286712955847
0.2857142984867096,0.29591837525367737,0.15306122601032257,0.26530611515045166,0.29591837525367737,1.3575738668441772,0.7369845807552338,4.0,0.010204076766967773,3.8867520755113114
0.2800000011920929,0.36000001430511475,0.07999999821186066,0.2800000011920929,0.36000001430511475,1.282713532447815,0.7071999907493591,4.0,0.08000001311302185,3.606412577646655
0.28358209133148193,0.31343284249305725,0.1492537260055542,0.2537313401699066,0.31343284249305725,1.3529046773910522,0.7346847951412201,4.0,0.029850751161575317,3.8686463960312367
0.23529411852359772,0.3333333432674408,0.19607843458652496,0.23529411852359772,0.3333333432674408,1.3665660619735718,0.7397154867649078,4.0,0.09803922474384308,3.9218601212245736
0.0,0.0,0.0,0.0,0.0,0.0,0.0,0.0,0.0,1.0
0.0,0.0,0.0,0.0,0.0,0.0,0.0,0.0,0.0,1.0
0.234375,0.328125,0.171875,0.265625,0.328125,1.3604893684387207,0.7373046875,4.0,0.0625,3.898100442437427
0.28125,0.375,0.125,0.21875,0.375,1.316971778869629,0.716796875,4.0,0.09375,3.732102616051825
0.23502303659915924,0.3732718825340271,0.12903225421905518,0.2626728117465973,0.3732718825340271,1.3235418796539307,0.7197859585285187,4.0,0.11059907078742981,3.7567036334641832
0.0,0.0,0.0,0.0,0.0,0.0,0.0,0.0,0.0,1.0
0.0,0.0,0.0,0.0,0.0,0.0,0.0,0.0,0.0,1.0
0.0,0.0,0.0,0.0,0.0,0.0,0.0,0.0,0.0,1.0
0.28378379344940186,0.3378378450870514,0.14864864945411682,0.22972972691059113,0.3378378450870514,1.3453036546707153,0.7304601073265076,4.0,0.054054051637649536,3.839352200840206
0.2432432472705841,0.31351351737976074,0.1945945918560028,0.24864864349365234,0.31351351737976074,1.3720872402191162,0.7428487837314606,4.0,0.0648648738861084,3.9435732960044603
0.0,0.0,0.0,0.0,0.0,0.0,0.0,0.0,0.0,1.0
0.0,0.0,0.0,0.0,0.0,0.0,0.0,0.0,0.0,1.0
0.0,0.0,0.0,0.0,0.0,0.0,0.0,0.0,0.0,1.0
0.0,0.0,0.0,0.0,0.0,0.0,0.0,0.0,0.0,1.0
0.25925925374031067,0.3580246865749359,0.14814814925193787,0.23456789553165436,0.3580246865749359,1.3407481908798218,0.7276329696178436,4.0,0.09876543283462524,3.8219019480837355
0.0,0.0,0.0,0.0,0.0,0.0,0.0,0.0,0.0,1.0
0.3333333432674408,0.3333333432674408,0.0,0.3333333432674408,0.3333333432674408,1.0986123085021973,0.6666666269302368,3.0,0.0,3.000000059502263
0.0,0.0,0.0,0.0,0.0,0.0,0.0,0.0,0.0,1.0
0.0,0.0,0.0,0.0,0.0,0.0,0.0,0.0,0.0,1.0
0.0,0.0,0.0,0.0,0.0,0.0,0.0,0.0,0.0,1.0
0.20000000298023224,0.36000001430511475,0.1599999964237213,0.2800000011920929,0.36000001430511475,1.3393254280090332,0.7263999879360199,4.0,0.08000001311302185,3.8164681543128345
0.0,0.0,0.0,0.0,0.0,0.0,0.0,0.0,0.0,1.0
0.0,0.0,0.0,0.0,0.0,0.0,0.0,0.0,0.0,1.0
0.0,0.0,0.0,0.0,0.0,0.0,0.0,0.0,0.0,1.0
0.2539682686328888,0.3253968358039856,0.1587301641702652,0.261904776096344,0.3253968358039856,1.3564453125,0.735827624797821,4.0,0.0634920597076416,3.882368138792462
0.25925925374031067,0.34074074029922485,0.15555556118488312,0.24444444477558136,0.34074074029922485,1.3506495952606201,0.7327297627925873,4.0,0.08148148655891418,3.8599321100828123
0.22807016968727112,0.3333333432674408,0.1666666716337204,0.2719298303127289,0.3333333432674408,1.3560516834259033,0.7351492643356323,4.0,0.061403512954711914,3.880840226551755
0.24561403691768646,0.38596490025520325,0.14035087823867798,0.22807016968727112,0.38596490025520325,1.3249878883361816,0.7189904749393463,4.0,0.14035086333751678,3.7621397889516093
0.24193547666072845,0.3306451737880707,0.16129031777381897,0.2661290466785431,0.3306451737880707,1.3558317422866821,0.7353017628192902,4.0,0.06451612710952759,3.8799867639903964
0.0,0.0,0.0,0.0,0.0,0.0,0.0,0.0,0.0,1.0
0.25,0.25,0.25,0.25,0.25,1.3862943649291992,0.75,4.0,0.0,4.000000015237235
0.0,0.0,0.0,0.0,0.0,0.0,0.0,0.0,0.0,1.0
0.20000000298023224,0.4000000059604645,0.20000000298023224,0.20000000298023224,0.4000000059604645,1.332179069519043,0.7199999690055847,4.0,0.20000000298023224,3.7892915273360384
0.3333333432674408,0.3333333432674408,0.1666666716337204,0.1666666716337204,0.3333333432674408,1.3296613693237305,0.7222221791744232,4.0,0.0,3.7797632270524875
0.25,0.25,0.25,0.25,0.25,1.3862943649291992,0.75,4.0,0.0,4.000000015237235
0.0,0.0,0.0,0.0,0.0,0.0,0.0,0.0,0.0,1.0
0.0,0.0,0.0,0.0,0.0,0.0,0.0,0.0,0.0,1.0
0.0,0.0,0.0,0.0,0.0,0.0,0.0,0.0,0.0,1.0
0.0,0.0,0.0,0.0,0.0,0.0,0.0,0.0,0.0,1.0
0.0,1.0,0.0,0.0,1.0,-0.0,0.0,1.0,1.0,1.0
0.0,0.0,0.0,0.0,0.0,0.0,0.0,0.0,0.0,1.0
0.2222222238779068,0.3333333432674408,0.2222222238779068,0.2222222238779068,0.3333333432674408,1.368922233581543,0.7407407164573669,4.0,0.111111119389534,3.9311115914383667
0.22499999403953552,0.35499998927116394,0.16500000655651093,0.2549999952316284,0.35499998927116394,1.3490276336669922,0.7311000227928162,4.0,0.09999999403953552,3.853676522978673
0.0,0.5,0.0,0.5,0.5,0.6931471824645996,0.5,2.0,0.0,2.0000000038093084
0.0,0.5,0.0,0.5,0.5,0.6931471824645996,0.5,2.0,0.0,2.0000000038093084
0.3333333432674408,0.3333333432674408,0.0,0.3333333432674408,0.3333333432674408,1.0986123085021973,0.6666666269302368,3.0,0.0,3.000000059502263
0.0,0.0,0.0,0.0,0.0,0.0,0.0,0.0,0.0,1.0
0.3076923191547394,0.3076923191547394,0.07692307978868484,0.3076923191547394,0.3076923191547394,1.2852929830551147,0.7100591361522675,4.0,0.0,3.6157271488338
0.3333333432674408,0.3333333432674408,0.0,0.3333333432674408,0.3333333432674408,1.0986123085021973,0.6666666269302368,3.0,0.0,3.000000059502263
0.0,0.0,0.0,0.0,0.0,0.0,0.0,0.0,0.0,1.0
0.0,0.0,0.0,0.0,0.0,0.0,0.0,0.0,0.0,1.0
0.0,0.0,0.0,0.0,0.0,0.0,0.0,0.0,0.0,1.0
0.0,0.0,0.0,0.0,0.0,0.0,0.0,0.0,0.0,1.0
0.0,0.0,0.0,0.0,0.0,0.0,0.0,0.0,0.0,1.0
0.25,0.25,0.25,0.25,0.25,1.3862943649291992,0.75,4.0,0.0,4.000000015237235
0.125,0.625,0.125,0.125,0.625,1.073542833328247,0.5625,4.0,0.5,2.925726521698008
0.0,0.0,0.0,0.0,0.0,0.0,0.0,0.0,0.0,1.0
0.0,0.0,0.0,0.0,0.0,0.0,0.0,0.0,0.0,1.0
0.24045801162719727,0.347328245639801,0.16412213444709778,0.24809160828590393,0.347328245639801,1.3524188995361328,0.7330575287342072,4.0,0.0992366373538971,3.8667675496714553
0.0,0.0,0.0,0.0,0.0,0.0,0.0,0.0,0.0,1.0
0.0,0.0,0.0,0.0,0.0,0.0,0.0,0.0,0.0,1.0
0.0,0.0,0.0,0.0,0.0,0.0,0.0,0.0,0.0,1.0
0.0,0.0,0.0,0.0,0.0,0.0,0.0,0.0,0.0,1.0
0.25,0.25,0.25,0.25,0.25,1.3862943649291992,0.75,4.0,0.0,4.000000015237235
0.0,0.0,0.0,0.0,0.0,0.0,0.0,0.0,0.0,1.0
0.21052631735801697,0.2631579041481018,0.2631579041481018,0.2631579041481018,0.2631579041481018,1.3819786310195923,0.747922420501709,4.0,0.0,3.982774277120676
0.25,0.5,0.0,0.25,0.5,1.0397207736968994,0.625,3.0,0.25,2.828427132826954
0.0,0.0,0.0,0.0,0.0,0.0,0.0,0.0,0.0,1.0
0.0,0.3333333432674408,0.3333333432674408,0.3333333432674408,0.3333333432674408,1.0986123085021973,0.6666666269302368,3.0,0.0,3.000000059502263
0.0,0.0,0.0,0.0,0.0,0.0,0.0,0.0,0.0,1.0
0.0,0.0,0.0,0.0,0.0,0.0,0.0,0.0,0.0,1.0
0.0,0.0,0.0,0.0,0.0,0.0,0.0,0.0,0.0,1.0
0.0,0.0,0.0,0.0,0.0,0.0,0.0,0.0,0.0,1.0
0.0,0.0,0.0,0.0,0.0,0.0,0.0,0.0,0.0,1.0
0.25,0.25,0.25,0.25,0.25,1.3862943649291992,0.75,4.0,0.0,4.000000015237235
0.0,0.0,0.0,0.0,0.0,0.0,0.0,0.0,0.0,1.0
0.25,0.375,0.125,0.25,0.375,1.3208882808685303,0.71875,4.0,0.125,3.746748064150549
0.0,0.6666666865348816,0.0,0.3333333432674408,0.6666666865348816,0.6365141868591309,0.4444444179534912,2.0,0.3333333432674408,1.8898816099266726
0.24193547666072845,0.3333333432674408,0.17741934955120087,0.24731183052062988,0.3333333432674408,1.3618520498275757,0.73771533370018,4.0,0.08602151274681091,3.9034159321991813
0.2295597493648529,0.36477985978126526,0.1603773534297943,0.24528302252292633,0.36477985978126526,1.3439180850982666,0.7283533215522766,4.0,0.11949683725833893,3.8340361949512847
0.21052631735801697,0.5263158082962036,0.10526315867900848,0.15789473056793213,0.5263158082962036,1.1942726373672485,0.6426592767238617,4.0,0.31578949093818665,3.3011557596966243
0.3333333432674408,0.3333333432674408,0.0,0.3333333432674408,0.3333333432674408,1.0986123085021973,0.6666666269302368,3.0,0.0,3.000000059502263
0.2578125,0.359375,0.1171875,0.265625,0.359375,1.3206297159194946,0.7200927734375,4.0,0.09375,3.7457794116634795
0.0,0.0,0.0,0.0,0.0,0.0,0.0,0.0,0.0,1.0
0.0,0.0,0.0,0.0,0.0,0.0,0.0,0.0,0.0,1.0
0.1666666716337204,0.5,0.1666666716337204,0.1666666716337204,0.5,1.2424532175064087,0.6666666269302368,4.0,0.3333333134651184,3.4641012431362457
0.0,0.0,0.0,0.0,0.0,0.0,0.0,0.0,0.0,1.0
0.25,0.25,0.25,0.25,0.25,1.3862943649291992,0.75,4.0,0.0,4.000000015237235
0.0,0.0,0.0,0.0,0.0,0.0,0.0,0.0,0.0,1.0
0.25,0.25,0.25,0.25,0.25,1.3862943649291992,0.75,4.0,0.0,4.000000015237235
0.0,0.0,0.0,0.0,0.0,0.0,0.0,0.0,0.0,1.0
0.0,0.0,0.0,0.0,0.0,0.0,0.0,0.0,0.0,1.0
0.0,0.0,0.0,0.0,0.0,0.0,0.0,0.0,0.0,1.0
0.0,0.0,0.0,0.0,0.0,0.0,0.0,0.0,0.0,1.0
0.25,0.25,0.25,0.25,0.25,1.3862943649291992,0.75,4.0,0.0,4.000000015237235
0.0,0.0,0.0,0.0,0.0,0.0,0.0,0.0,0.0,1.0
0.20512820780277252,0.41025641560554504,0.1538461595773697,0.23076923191547394,0.41025641560554504,1.3168301582336426,0.7126890122890472,4.0,0.1794871836900711,3.7315741107302864
0.3333333432674408,0.3333333432674408,0.0,0.3333333432674408,0.3333333432674408,1.0986123085021973,0.6666666269302368,3.0,0.0,3.000000059502263
0.2857142984867096,0.4285714328289032,0.0,0.2857142984867096,0.4285714328289032,1.0789921283721924,0.6530612111091614,3.0,0.1428571343421936,2.941713187201112
0.0,0.0,0.0,0.0,0.0,0.0,0.0,0.0,0.0,1.0
0.0,0.0,0.0,0.0,0.0,0.0,0.0,0.0,0.0,1.0
0.0,0.0,0.0,0.0,0.0,0.0,0.0,0.0,0.0,1.0
0.0,0.0,0.0,0.0,0.0,0.0,0.0,0.0,0.0,1.0
0.3333333432674408,0.3333333432674408,0.0,0.3333333432674408,0.3333333432674408,1.0986123085021973,0.6666666269302368,3.0,0.0,3.000000059502263
0.3333333432674408,0.3333333432674408,0.0,0.3333333432674408,0.3333333432674408,1.0986123085021973,0.6666666269302368,3.0,0.0,3.000000059502263
0.0,0.0,0.0,0.0,0.0,0.0,0.0,0.0,0.0,1.0
0.0,0.0,0.0,0.0,0.0,0.0,0.0,0.0,0.0,1.0
0.0,0.0,0.0,0.0,0.0,0.0,0.0,0.0,0.0,1.0
0.0,0.0,0.0,0.0,0.0,0.0,0.0,0.0,0.0,1.0
0.2671755850315094,0.35114502906799316,0.12977099418640137,0.25190839171409607,0.35114502906799316,1.3324182033538818,0.7250160276889801,4.0,0.08396944403648376,3.7901977835042304
0.25,0.3333333432674408,0.1666666716337204,0.25,0.3333333432674408,1.3579778671264648,0.7361111044883728,4.0,0.0833333432674408,3.888322641680226
0.0,0.0,0.0,0.0,0.0,0.0,0.0,0.0,0.0,1.0
0.3333333432674408,0.3333333432674408,0.0,0.3333333432674408,0.3333333432674408,1.0986123085021973,0.6666666269302368,3.0,0.0,3.000000059502263
0.0,0.0,0.0,0.0,0.0,0.0,0.0,0.0,0.0,1.0
0.0,0.0,0.0,0.0,0.0,0.0,0.0,0.0,0.0,1.0
0.3333333432674408,0.3333333432674408,0.3333333432674408,0.0,0.3333333432674408,1.0986123085021973,0.6666666269302368,3.0,0.0,3.000000059502263
0.3333333432674408,0.3333333432674408,0.1666666716337204,0.1666666716337204,0.3333333432674408,1.3296613693237305,0.7222221791744232,4.0,0.0,3.7797632270524875
0.2857142984867096,0.2857142984867096,0.1428571492433548,0.2857142984867096,0.2857142984867096,1.3517839908599854,0.734693855047226,4.0,0.0,3.8643132846050605
0.0,0.0,0.0,0.0,0.0,0.0,0.0,0.0,0.0,1.0
0.0,0.0,0.0,0.0,0.0,0.0,0.0,0.0,0.0,1.0
0.0,0.0,0.0,0.0,0.0,0.0,0.0,0.0,0.0,1.0
0.0,0.0,0.0,0.0,0.0,0.0,0.0,0.0,0.0,1.0
0.0,0.0,0.0,0.0,0.0,0.0,0.0,0.0,0.0,1.0
0.0,0.0,0.0,0.0,0.0,0.0,0.0,0.0,0.0,1.0
0.25,0.3333333432674408,0.1666666716337204,0.25,0.3333333432674408,1.3579778671264648,0.7361111044883728,4.0,0.0833333432674408,3.888322641680226
0.25882354378700256,0.3294117748737335,0.15294118225574493,0.25882354378700256,0.3294117748737335,1.3526283502578735,0.7341176271438599,4.0,0.07058823108673096,3.8675775317482417
0.30000001192092896,0.30000001192092896,0.20000000298023224,0.20000000298023224,0.30000001192092896,1.3661589622497559,0.7399999797344208,4.0,0.0,3.9202638579935845
0.27272728085517883,0.27272728085517883,0.1818181872367859,0.27272728085517883,0.27272728085517883,1.3730037212371826,0.7438016533851624,4.0,0.0,3.9471891627571316
0.0,1.0,0.0,0.0,1.0,-0.0,0.0,1.0,1.0,1.0
0.10000000149011612,0.30000001192092896,0.30000001192092896,0.30000001192092896,0.30000001192092896,1.3138341903686523,0.7199999988079071,4.0,0.0,3.720411164871962
0.3333333432674408,0.3333333432674408,0.0,0.3333333432674408,0.3333333432674408,1.0986123085021973,0.6666666269302368,3.0,0.0,3.000000059502263
0.0,0.3333333432674408,0.3333333432674408,0.3333333432674408,0.3333333432674408,1.0986123085021973,0.6666666269302368,3.0,0.0,3.000000059502263
0.0,0.0,0.0,0.0,0.0,0.0,0.0,0.0,0.0,1.0
0.0,0.0,0.0,0.0,0.0,0.0,0.0,0.0,0.0,1.0
0.0,0.0,0.0,0.0,0.0,0.0,0.0,0.0,0.0,1.0
0.25,0.25,0.25,0.25,0.25,1.3862943649291992,0.75,4.0,0.0,4.000000015237235
0.30000001192092896,0.30000001192092896,0.20000000298023224,0.20000000298023224,0.30000001192092896,1.3661589622497559,0.7399999797344208,4.0,0.0,3.9202638579935845
0.0,1.0,0.0,0.0,1.0,-0.0,0.0,1.0,1.0,1.0
0.0,0.0,0.0,0.0,0.0,0.0,0.0,0.0,0.0,1.0
0.0,0.0,0.0,0.0,0.0,0.0,0.0,0.0,0.0,1.0
0.0,0.0,0.0,0.0,0.0,0.0,0.0,0.0,0.0,1.0
0.0,0.0,0.0,0.0,0.0,0.0,0.0,0.0,0.0,1.0
0.0,0.0,0.0,0.0,0.0,0.0,0.0,0.0,0.0,1.0
0.0,0.0,0.0,0.0,0.0,0.0,0.0,0.0,0.0,1.0
0.0,0.0,0.0,0.0,0.0,0.0,0.0,0.0,0.0,1.0
0.0,0.0,0.0,0.0,0.0,0.0,0.0,0.0,0.0,1.0
0.0,0.0,0.0,0.0,0.0,0.0,0.0,0.0,0.0,1.0
0.0,0.0,0.0,0.0,0.0,0.0,0.0,0.0,0.0,1.0
0.0,0.0,0.0,0.0,0.0,0.0,0.0,0.0,0.0,1.0
0.0,0.0,0.0,0.0,0.0,0.0,0.0,0.0,0.0,1.0
0.0,0.0,0.0,0.0,0.0,0.0,0.0,0.0,0.0,1.0
0.25,0.5,0.0,0.25,0.5,1.0397207736968994,0.625,3.0,0.25,2.828427132826954
0.0,0.0,0.0,0.0,0.0,0.0,0.0,0.0,0.0,1.0
0.0,0.0,0.0,0.0,0.0,0.0,0.0,0.0,0.0,1.0
0.0,0.0,0.0,0.0,0.0,0.0,0.0,0.0,0.0,1.0
0.0,0.0,0.0,0.0,0.0,0.0,0.0,0.0,0.0,1.0
0.2467532455921173,0.41558441519737244,0.09090909361839294,0.2467532455921173,0.41558441519737244,1.2734988927841187,0.6972507834434509,4.0,0.16883116960525513,3.57333342555954
0.24742268025875092,0.3505154550075531,0.17525772750377655,0.22680412232875824,0.3505154550075531,1.3547406196594238,0.7337655425071716,4.0,0.10309277474880219,3.8757555314553147
0.2222222238779068,0.3333333432674408,0.17777778208255768,0.2666666805744171,0.3333333432674408,1.3599731922149658,0.736790120601654,4.0,0.06666666269302368,3.8960888548827297
0.0,0.0,0.0,0.0,0.0,0.0,0.0,0.0,0.0,1.0
0.0,0.0,0.0,0.0,0.0,0.0,0.0,0.0,0.0,1.0
0.0,0.0,0.0,0.0,0.0,0.0,0.0,0.0,0.0,1.0
0.0,0.0,0.0,0.0,0.0,0.0,0.0,0.0,0.0,1.0
0.23999999463558197,0.3199999928474426,0.18666666746139526,0.25333333015441895,0.3199999928474426,1.3682730197906494,0.7409777939319611,4.0,0.06666666269302368,3.9285602878400137
0.0,0.0,0.0,0.0,0.0,0.0,0.0,0.0,0.0,1.0
0.0,0.0,0.0,0.0,0.0,0.0,0.0,0.0,0.0,1.0
0.23966942727565765,0.3388429880142212,0.1570248007774353,0.26446279883384705,0.3388429880142212,1.3515267372131348,0.7331466376781464,4.0,0.07438018918037415,3.8633193037781006
0.24137930572032928,0.2931034564971924,0.2068965584039688,0.2586206793785095,0.2931034564971924,1.378528118133545,0.7461355328559875,4.0,0.03448277711868286,3.969055345442032
0.0,0.0,0.0,0.0,0.0,0.0,0.0,0.0,0.0,1.0
0.0,0.0,0.0,0.0,0.0,0.0,0.0,0.0,0.0,1.0
0.23655913770198822,0.3655914068222046,0.13978494703769684,0.25806450843811035,0.3655914068222046,1.3334938287734985,0.7242455780506134,4.0,0.10752689838409424,3.79427680994453
0.0,0.0,0.0,0.0,0.0,0.0,0.0,0.0,0.0,1.0
0.0,0.0,0.0,0.0,0.0,0.0,0.0,0.0,0.0,1.0
0.25,0.3571428656578064,0.125,0.2678571343421936,0.3571428656578064,1.327073574066162,0.7225765287876129,4.0,0.08928573131561279,3.769994618729376
0.1666666716337204,0.4166666567325592,0.0833333358168602,0.3333333432674408,0.4166666567325592,1.2366849184036255,0.6805555522441864,4.0,0.08333331346511841,3.4441767913880326
0.22627736628055573,0.35036495327949524,0.16788321733474731,0.2554744482040405,0.35036495327949524,1.3519165515899658,0.7325909733772278,4.0,0.09489050507545471,3.864825574748968
0.2631579041481018,0.3458646535873413,0.15789473056793213,0.23308271169662476,0.3458646535873413,1.3494223356246948,0.731867253780365,4.0,0.0827067494392395,3.8551978768675736
0.30000001192092896,0.30000001192092896,0.10000000149011612,0.30000001192092896,0.30000001192092896,1.3138341903686523,0.7199999690055847,4.0,0.0,3.720411164871962
0.0,0.0,0.0,0.0,0.0,0.0,0.0,0.0,0.0,1.0
0.28205129504203796,0.3461538553237915,0.11538461595773697,0.25641027092933655,0.3461538553237915,1.3223474025726318,0.7215647995471954,4.0,0.06410256028175354,3.7522190159923845
0.2551020383834839,0.36734694242477417,0.12244898080825806,0.2551020383834839,0.36734694242477417,1.3220148086547852,0.7199083566665649,4.0,0.11224490404129028,3.7509712582790518
0.24064171314239502,0.31550800800323486,0.17112299799919128,0.27272728085517883,0.31550800800323486,1.3631879091262817,0.7388830184936523,4.0,0.04278072714805603,3.9086338310823447
0.25242719054222107,0.35922330617904663,0.1456310749053955,0.24271844327449799,0.35922330617904663,1.3395142555236816,0.7271184623241425,4.0,0.10679611563682556,3.817188876553102
0.25581395626068115,0.3720930218696594,0.11627907305955887,0.25581395626068115,0.3720930218696594,1.3155651092529297,0.7171443998813629,4.0,0.11627906560897827,3.7268564713566485
0.25,0.3295454680919647,0.13636364042758942,0.28409090638160706,0.3295454680919647,1.341594934463501,0.7295970916748047,4.0,0.045454561710357666,3.825139489526012
0.23280423879623413,0.37566137313842773,0.13227513432502747,0.25925925374031067,0.37566137313842773,1.3246797323226929,0.7199686467647552,4.0,0.11640211939811707,3.7609806415603506
0.0,0.0,0.0,0.0,0.0,0.0,0.0,0.0,0.0,1.0
0.0,0.0,0.0,0.0,0.0,0.0,0.0,0.0,0.0,1.0
0.0,0.0,0.0,0.0,0.0,0.0,0.0,0.0,0.0,1.0
0.0,0.0,0.0,0.0,0.0,0.0,0.0,0.0,0.0,1.0
0.2487804889678955,0.35121950507164,0.14146341383457184,0.25853657722473145,0.35121950507164,1.3399850130081177,0.7279000580310822,4.0,0.09268292784690857,3.818986269821218
0.23636363446712494,0.34545454382896423,0.145454540848732,0.27272728085517883,0.34545454382896423,1.3428791761398315,0.7292562127113342,4.0,0.0727272629737854,3.8300550487836764
0.0,0.0,0.0,0.0,0.0,0.0,0.0,0.0,0.0,1.0
0.0,0.0,0.0,0.0,0.0,0.0,0.0,0.0,0.0,1.0
0.2631579041481018,0.3684210479259491,0.10526315867900848,0.2631579041481018,0.3684210479259491,1.307489275932312,0.7146814167499542,4.0,0.10526314377784729,3.6968802042709323
0.29411765933036804,0.3529411852359772,0.11764705926179886,0.23529411852359772,0.3529411852359772,1.3197299242019653,0.7197231650352478,4.0,0.05882352590560913,3.74241050625706
0.0,0.0,0.0,0.0,0.0,0.0,0.0,0.0,0.0,1.0
0.23966942727565765,0.3636363744735718,0.14049586653709412,0.25619834661483765,0.3636363744735718,1.334847092628479,0.7249504625797272,4.0,0.10743802785873413,3.7994149434482627
0.26530611515045166,0.3469387888908386,0.1428571492433548,0.2448979616165161,0.3469387888908386,1.3418360948562622,0.7288629710674286,4.0,0.08163267374038696,3.826062072908486
0.21568627655506134,0.3333333432674408,0.21568627655506134,0.23529411852359772,0.3333333432674408,1.3683509826660156,0.7404844164848328,4.0,0.09803922474384308,3.9288665816357207
0.0,0.0,0.0,0.0,0.0,0.0,0.0,0.0,0.0,1.0
0.18681319057941437,0.36263737082481384,0.1428571492433548,0.3076923191547394,0.36263737082481384,1.3218985795974731,0.718512237071991,4.0,0.05494505167007446,3.750535311761015
0.0,0.0,0.0,0.0,0.0,0.0,0.0,0.0,0.0,1.0
0.23529411852359772,0.4117647111415863,0.11764705926179886,0.23529411852359772,0.4117647111415863,1.2980356216430664,0.705882340669632,4.0,0.1764705926179886,3.6620958555354397
0.0,0.0,0.0,0.0,0.0,0.0,0.0,0.0,0.0,1.0
0.2222222238779068,0.380952388048172,0.1269841343164444,0.2698412835597992,0.380952388048172,1.3174164295196533,0.716553270816803,4.0,0.1111111044883728,3.7337624669055423
0.2678571343421936,0.3214285671710968,0.1428571492433548,0.2678571343421936,0.3214285671710968,1.3484994173049927,0.7327806353569031,4.0,0.0535714328289032,3.851641485502745
0.0,0.0,0.0,0.0,0.0,0.0,0.0,0.0,0.0,1.0
0.0,0.0,0.0,0.0,0.0,0.0,0.0,0.0,0.0,1.0
0.0,0.0,0.0,0.0,0.0,0.0,0.0,0.0,0.0,1.0
0.2777777910232544,0.3888888955116272,0.1111111119389534,0.2222222238779068,0.3888888955116272,1.301481008529663,0.709876537322998,4.0,0.1111111044883728,3.6747349533616167
0.2465331256389618,0.3482280373573303,0.16024653613567352,0.24499230086803436,0.3482280373573303,1.3505618572235107,0.7322584688663483,4.0,0.10169491171836853,3.8595934620724712
0.0,0.0,0.0,0.0,0.0,0.0,0.0,0.0,0.0,1.0
0.23664122819900513,0.35877862572669983,0.1679389327764511,0.23664122819900513,0.35877862572669983,1.3494943380355835,0.7310762703418732,4.0,0.1221373975276947,3.8554754704027427
0.26923078298568726,0.36538460850715637,0.13461539149284363,0.23076923191547394,0.36538460850715637,1.3294861316680908,0.7226331830024719,4.0,0.09615382552146912,3.7791009282372467
0.2445652186870575,0.3586956560611725,0.15760870277881622,0.239130437374115,0.3586956560611725,1.3455175161361694,0.7295014262199402,4.0,0.11413043737411499,3.840173378134232
0.25,0.375,0.1875,0.1875,0.375,1.342125654220581,0.7265625,4.0,0.125,3.8271701054230154
0.3333333432674408,0.3333333432674408,0.0,0.3333333432674408,0.3333333432674408,1.0986123085021973,0.6666666269302368,3.0,0.0,3.000000059502263
0.0,0.0,0.0,0.0,0.0,0.0,0.0,0.0,0.0,1.0
0.24535316228866577,0.3345724940299988,0.17472119629383087,0.24535316228866577,0.3345724940299988,1.3606064319610596,0.7371373772621155,4.0,0.08921933174133301,3.898556794516219
0.0,0.0,0.0,0.0,0.0,0.0,0.0,0.0,0.0,1.0
0.0,0.0,0.0,0.0,0.0,0.0,0.0,0.0,0.0,1.0
0.2535885274410248,0.34928229451179504,0.13875597715377808,0.2583732008934021,0.34928229451179504,1.3390532732009888,0.7276847958564758,4.0,0.09090909361839294,3.8154296254816074
0.0,0.0,0.0,0.0,0.0,0.0,0.0,0.0,0.0,1.0
0.0,0.0,0.0,0.0,0.0,0.0,0.0,0.0,0.0,1.0
0.24590164422988892,0.35245901346206665,0.12295082211494446,0.2786885201931,0.35245901346206665,1.3262789249420166,0.7225208282470703,4.0,0.07377049326896667,3.7669999858063683
0.0,0.0,0.0,0.0,0.0,0.0,0.0,0.0,0.0,1.0
0.3333333432674408,0.3333333432674408,0.0,0.3333333432674408,0.3333333432674408,1.0986123085021973,0.6666666269302368,3.0,0.0,3.000000059502263
0.26923078298568726,0.3589743673801422,0.14102564752101898,0.23076923191547394,0.3589743673801422,1.3356801271438599,0.7255095839500427,4.0,0.08974358439445496,3.8025813058959055
0.3076923191547394,0.38461539149284363,0.1538461595773697,0.1538461595773697,0.38461539149284363,1.306106686592102,0.7100591361522675,4.0,0.07692307233810425,3.6917724688723736
0.251748263835907,0.3916083872318268,0.11888112127780914,0.2377622425556183,0.3916083872318268,1.3090875148773193,0.7126020789146423,4.0,0.1398601233959198,3.7027934263005817
0.0,0.0,0.0,0.0,0.0,0.0,0.0,0.0,0.0,1.0
0.375,0.375,0.0,0.25,0.375,1.082195520401001,0.65625,3.0,0.0,2.951151757425013
0.0,0.0,0.0,0.0,0.0,0.0,0.0,0.0,0.0,1.0
0.260869562625885,0.36231884360313416,0.14492753148078918,0.23188406229019165,0.36231884360313416,1.3372100591659546,0.725897878408432,4.0,0.10144928097724915,3.8084034494086594
0.2295081913471222,0.31147539615631104,0.19672131538391113,0.26229506731033325,0.31147539615631104,1.3719977140426636,0.7428110241889954,4.0,0.04918032884597778,3.943220258768981
0.23148147761821747,0.3611111044883728,0.1666666716337204,0.24074074625968933,0.3611111044883728,1.3479830026626587,0.7302812039852142,4.0,0.12037035822868347,3.8496529549399523
0.23076923191547394,0.3461538553237915,0.17307692766189575,0.25,0.3461538553237915,1.3557641506195068,0.7344674468040466,4.0,0.0961538553237915,3.8797245180793194
0.20000000298023224,0.6000000238418579,0.0,0.20000000298023224,0.6000000238418579,0.9502705335617065,0.5600000023841858,3.0,0.40000003576278687,2.5864092751900403
0.1875,0.375,0.1875,0.25,0.375,1.342125654220581,0.7265625,4.0,0.125,3.8271701054230154
0.0,0.0,0.0,0.0,0.0,0.0,0.0,0.0,0.0,1.0
0.0,0.0,0.0,0.0,0.0,0.0,0.0,0.0,0.0,1.0
0.26530611515045166,0.33673468232154846,0.1428571492433548,0.2551020383834839,0.33673468232154846,1.3450291156768799,0.7307371497154236,4.0,0.0714285671710968,3.83829829362594
0.27272728085517883,0.3636363744735718,0.13636364042758942,0.22727273404598236,0.3636363744735718,1.3306280374526978,0.7231404781341553,4.0,0.09090909361839294,3.78341877026302
0.0,0.0,0.0,0.0,0.0,0.0,0.0,0.0,0.0,1.0
0.0,0.0,0.0,0.0,0.0,0.0,0.0,0.0,0.0,1.0
0.20000000298023224,0.4000000059604645,0.20000000298023224,0.20000000298023224,0.4000000059604645,1.332179069519043,0.7199999690055847,4.0,0.20000000298023224,3.7892915273360384
0.0,0.0,0.0,0.0,0.0,0.0,0.0,0.0,0.0,1.0
0.2857142984867096,0.2857142984867096,0.190476194024086,0.2380952388048172,0.2857142984867096,1.3734042644500732,0.7437641620635986,4.0,0.0,3.9487704992619297
0.27272728085517883,0.3636363744735718,0.1818181872367859,0.1818181872367859,0.3636363744735718,1.3421130180358887,0.7272727191448212,4.0,0.09090909361839294,3.827121744900261
0.24074074625968933,0.3333333432674408,0.18518517911434174,0.24074074625968933,0.3333333432674408,1.3641464710235596,0.7386831045150757,4.0,0.09259259700775146,3.9123822948234688
0.0,0.0,0.0,0.0,0.0,0.0,0.0,0.0,0.0,1.0
0.5,0.5,0.0,0.0,0.5,0.6931471824645996,0.5,2.0,0.0,2.0000000038093084
0.0,0.0,0.0,0.0,0.0,0.0,0.0,0.0,0.0,1.0
0.2704918086528778,0.3360655605792999,0.14754098653793335,0.24590164422988892,0.3360655605792999,1.3474323749542236,0.7316581606864929,4.0,0.06557375192642212,3.8475338128378254
0.0,0.0,0.0,0.0,0.0,0.0,0.0,0.0,0.0,1.0
0.0,0.0,0.0,0.0,0.0,0.0,0.0,0.0,0.0,1.0
0.23333333432674408,0.3222222328186035,0.17777778208255768,0.2666666805744171,0.3222222328186035,1.3640179634094238,0.7390123307704926,4.0,0.0555555522441864,3.9118795562127358
0.2291666716337204,0.3541666567325592,0.1875,0.2291666716337204,0.3541666567325592,1.356756329536438,0.734375,4.0,0.1249999850988388,3.883575809218654
0.25333333015441895,0.3199999928474426,0.18666666746139526,0.23999999463558197,0.3199999928474426,1.3682730197906494,0.7409777939319611,4.0,0.06666666269302368,3.9285602878400137
0.0,0.0,0.0,0.0,0.0,0.0,0.0,0.0,0.0,1.0
0.0,0.0,0.0,0.0,0.0,0.0,0.0,0.0,0.0,1.0
0.27272728085517883,0.3333333432674408,0.17424242198467255,0.21969696879386902,0.3333333432674408,1.3579611778259277,0.7358815371990204,4.0,0.06060606241226196,3.8882577488365833
0.0,0.0,0.0,0.0,0.0,0.0,0.0,0.0,0.0,1.0
0.2539682686328888,0.4444444477558136,0.0793650820851326,0.2222222238779068,0.4444444477558136,1.2438150644302368,0.682287722826004,4.0,0.1904761791229248,3.4688220325246846
0.0,0.0,0.0,0.0,0.0,0.0,0.0,0.0,0.0,1.0
0.0,0.0,0.0,0.0,0.0,0.0,0.0,0.0,0.0,1.0
0.0,0.0,0.0,0.0,0.0,0.0,0.0,0.0,0.0,1.0
0.24390244483947754,0.39024388790130615,0.1463414579629898,0.2195121943950653,0.39024388790130615,1.325453758239746,0.7186198830604553,4.0,0.1463414430618286,3.7638928649732564
0.23333333432674408,0.36666667461395264,0.13333334028720856,0.2666666805744171,0.36666667461395264,1.3285664319992065,0.7222222089767456,4.0,0.09999999403953552,3.775626888146503
0.0,0.0,0.0,0.0,0.0,0.0,0.0,0.0,0.0,1.0
0.0,0.0,0.0,0.0,0.0,0.0,0.0,0.0,0.0,1.0
0.0,0.0,0.0,0.0,0.0,0.0,0.0,0.0,0.0,1.0
0.0,0.0,0.0,0.0,0.0,0.0,0.0,0.0,0.0,1.0
0.0,0.0,0.0,0.0,0.0,0.0,0.0,0.0,0.0,1.0
0.22727273404598236,0.4545454680919647,0.09090909361839294,0.22727273404598236,0.4545454680919647,1.249836802482605,0.6818181574344635,4.0,0.22727273404598236,3.4897733886337
0.0,0.0,0.0,0.0,0.0,0.0,0.0,0.0,0.0,1.0
0.2320675104856491,0.3628692030906677,0.15611813962459564,0.24894514679908752,0.3628692030906677,1.3429298400878906,0.7281240522861481,4.0,0.1139240562915802,3.830249099409375
0.0,0.0,0.0,0.0,0.0,0.0,0.0,0.0,0.0,1.0
0.0,0.0,0.0,0.0,0.0,0.0,0.0,0.0,0.0,1.0
0.18367347121238708,0.3469387888908386,0.16326530277729034,0.30612245202064514,0.3469387888908386,1.3368011713027954,0.7255310118198395,4.0,0.04081633687019348,3.8068465577789197
0.2650602459907532,0.34939759969711304,0.13855421543121338,0.2469879537820816,0.34939759969711304,1.338597059249878,0.7274640798568726,4.0,0.08433735370635986,3.813689370251522
0.2631579041481018,0.31578946113586426,0.15789473056793213,0.2631579041481018,0.31578946113586426,1.3580825328826904,0.7368421256542206,4.0,0.05263155698776245,3.8887296372088422
0.23076923191547394,0.38461539149284363,0.1538461595773697,0.23076923191547394,0.38461539149284363,1.332244873046875,0.7218934893608093,4.0,0.1538461595773697,3.789540884290715
0.0,0.0,0.0,0.0,0.0,0.0,0.0,0.0,0.0,1.0
0.0,0.0,0.0,0.0,0.0,0.0,0.0,0.0,0.0,1.0
0.0,0.0,0.0,0.0,0.0,0.0,0.0,0.0,0.0,1.0
0.2514619827270508,0.3333333432674408,0.1520467847585678,0.2631579041481018,0.3333333432674408,1.3510445356369019,0.7332854568958282,4.0,0.07017543911933899,3.861456854194478
0.24886877834796906,0.33936652541160583,0.1538461595773697,0.2579185664653778,0.33936652541160583,1.3503568172454834,0.7327040433883667,4.0,0.08144795894622803,3.8588021722396104
0.24621212482452393,0.344696968793869,0.14393939077854156,0.2651515007019043,0.344696968793869,1.3431978225708008,0.7295397222042084,4.0,0.07954546809196472,3.8312756766194105
0.25925925374031067,0.40740740299224854,0.1111111119389534,0.2222222238779068,0.40740740299224854,1.294184684753418,0.7050753831863403,4.0,0.14814814925193787,3.64802047460824
0.0,0.0,0.0,0.0,0.0,0.0,0.0,0.0,0.0,1.0
0.2588832378387451,0.34517765045166016,0.16243654489517212,0.23350253701210022,0.34517765045166016,1.3518803119659424,0.7329227924346924,4.0,0.08629441261291504,3.86468551746105
0.2596684992313385,0.3535911738872528,0.15469613671302795,0.23204420506954193,0.3535911738872528,1.3454068899154663,0.7297701239585876,4.0,0.0939226746559143,3.8397485777640274
0.251655638217926,0.3245033025741577,0.17880794405937195,0.2450331151485443,0.3245033025741577,1.3648358583450317,0.7393535375595093,4.0,0.07284766435623169,3.915080371477335
0.20930232107639313,0.38372093439102173,0.13953489065170288,0.26744186878204346,0.38372093439102173,1.3224090337753296,0.7179556488990784,4.0,0.11627906560897827,3.752450276889496
0.0,0.0,0.0,0.0,0.0,0.0,0.0,0.0,0.0,1.0
0.260869562625885,0.3478260934352875,0.17391304671764374,0.21739129722118378,0.3478260934352875,1.3538222312927246,0.7334593534469604,4.0,0.08695653080940247,3.8721977166409904
0.27272728085517883,0.3636363744735718,0.1818181872367859,0.1818181872367859,0.3636363744735718,1.3421130180358887,0.7272727191448212,4.0,0.09090909361839294,3.827121744900261
0.2454545497894287,0.33636364340782166,0.15454545617103577,0.26363635063171387,0.33636364340782166,1.3513188362121582,0.7332231402397156,4.0,0.07272729277610779,3.862516199313757
0.2537313401699066,0.31343284249305725,0.16417910158634186,0.26865673065185547,0.31343284249305725,1.3613622188568115,0.7382490634918213,4.0,0.04477611184120178,3.9015043863892065
0.24870465695858002,0.3549222946166992,0.14507772028446198,0.2512953281402588,0.3549222946166992,1.3408594131469727,0.7279792726039886,4.0,0.10362696647644043,3.82232705232332
0.2397260218858719,0.3493150770664215,0.15753424167633057,0.25342464447021484,0.3493150770664215,1.3488078117370605,0.7314693331718445,4.0,0.09589043259620667,3.8528294934693013
0.28037384152412415,0.336448609828949,0.14953270554542542,0.23364485800266266,0.336448609828949,1.3468856811523438,0.7312428951263428,4.0,0.05607476830482483,3.8454309648091893
0.0,0.0,0.0,0.0,0.0,0.0,0.0,0.0,0.0,1.0
0.0,0.0,0.0,0.0,0.0,0.0,0.0,0.0,0.0,1.0
0.2321428507566452,0.3928571343421936,0.125,0.25,0.3928571343421936,1.3125758171081543,0.7136479616165161,4.0,0.1428571343421936,3.715732443350454
0.25,0.3310810923576355,0.15540540218353271,0.2635135054588318,0.3310810923576355,1.3533040285110474,0.7342950999736786,4.0,0.06756758689880371,3.870191652831837
0.2750000059604645,0.32499998807907104,0.15000000596046448,0.25,0.32499998807907104,1.3514394760131836,0.7337500154972076,4.0,0.04999998211860657,3.862982200608086
0.0,0.0,0.0,0.0,0.0,0.0,0.0,0.0,0.0,1.0
0.23333333432674408,0.3333333432674408,0.13333334028720856,0.30000001192092896,0.3333333432674408,1.3356167078018188,0.7266666293144226,4.0,0.03333333134651184,3.802340156338282
0.18518517911434174,0.37037035822868347,0.14814814925193787,0.29629629850387573,0.37037035822868347,1.32347571849823,0.7187928259372711,4.0,0.07407405972480774,3.7564550938320935
0.25,0.3214285671710968,0.1607142835855484,0.2678571343421936,0.3214285671710968,1.3580433130264282,0.7366070747375488,4.0,0.0535714328289032,3.8885771247822056
0.2246376872062683,0.3550724685192108,0.17391304671764374,0.24637681245803833,0.3550724685192108,1.3524540662765503,0.7325141429901123,4.0,0.10869565606117249,3.8669035336731725
0.2857142984867096,0.2857142984867096,0.1428571492433548,0.2857142984867096,0.2857142984867096,1.3517839908599854,0.734693855047226,4.0,0.0,3.8643132846050605
0.25,0.375,0.125,0.25,0.375,1.3208882808685303,0.71875,4.0,0.125,3.746748064150549
0.0,0.0,0.0,0.0,0.0,0.0,0.0,0.0,0.0,1.0
0.0,0.0,0.0,0.0,0.0,0.0,0.0,0.0,0.0,1.0
0.0,0.0,0.0,0.0,0.0,0.0,0.0,0.0,0.0,1.0
0.23952095210552216,0.34730538725852966,0.1796407252550125,0.23353293538093567,0.34730538725852966,1.3576602935791016,0.7352002561092377,4.0,0.10778443515300751,3.88708800931928
0.0,0.0,0.0,0.0,0.0,0.0,0.0,0.0,0.0,1.0
0.25999999046325684,0.3700000047683716,0.12999999523162842,0.23999999463558197,0.3700000047683716,1.3258490562438965,0.7209999859333038,4.0,0.11000001430511475,3.765381018423282
0.24347825348377228,0.373913049697876,0.156521737575531,0.22608695924282074,0.373913049697876,1.3382318019866943,0.7252930104732513,4.0,0.1304347962141037,3.8122966468761597
0.2565789520740509,0.33552631735801697,0.15789473056793213,0.25,0.33552631735801697,1.3534622192382812,0.7341585755348206,4.0,0.07894736528396606,3.870803929690917
0.23762376606464386,0.3663366436958313,0.13861386477947235,0.2574257552623749,0.3663366436958313,1.3325999975204468,0.7238505780696869,4.0,0.10891088843345642,3.7908868819865433
0.0,0.0,0.0,0.0,0.0,0.0,0.0,0.0,0.0,1.0
0.0,0.0,0.0,0.0,0.0,0.0,0.0,0.0,0.0,1.0
0.0,0.5,0.0,0.5,0.5,0.6931471824645996,0.5,2.0,0.0,2.0000000038093084
0.25342464447021484,0.3493150770664215,0.15753424167633057,0.2397260218858719,0.3493150770664215,1.3488078117370605,0.7314692735671997,4.0,0.09589043259620667,3.8528294934693013
0.22580644488334656,0.37634408473968506,0.13978494703769684,0.25806450843811035,0.37634408473968506,1.3284082412719727,0.721239447593689,4.0,0.11827957630157471,3.775029666222034
0.25,0.25,0.25,0.25,0.25,1.3862943649291992,0.75,4.0,0.0,4.000000015237235
0.22529643774032593,0.33596837520599365,0.18972331285476685,0.24901185929775238,0.33596837520599365,1.363767385482788,0.7383649349212646,4.0,0.08695651590824127,3.910899448346118
0.2666666805744171,0.3333333432674408,0.13333334028720856,0.2666666805744171,0.3333333432674408,1.3397942781448364,0.7288888394832611,4.0,0.06666666269302368,3.8182579254597098
0.5,0.5,0.0,0.0,0.5,0.6931471824645996,0.5,2.0,0.0,2.0000000038093084
0.27659574151039124,0.3404255211353302,0.11702127754688263,0.26595744490623474,0.3404255211353302,1.3256053924560547,0.7231779396533966,4.0,0.06382977962493896,3.764463643191766
0.0,0.0,0.0,0.0,0.0,0.0,0.0,0.0,0.0,1.0
0.0,0.0,0.0,0.0,0.0,0.0,0.0,0.0,0.0,1.0
0.25961539149284363,0.3509615361690521,0.13942307233810425,0.25,0.3509615361690521,1.3388605117797852,0.7274870872497559,4.0,0.0913461446762085,3.814694228724836
0.2641509473323822,0.30188679695129395,0.16981132328510284,0.2641509473323822,0.30188679695129395,1.365951418876648,0.7404770255088806,4.0,0.03773584961891174,3.9194503176343987
0.0,0.0,0.0,0.0,0.0,0.0,0.0,0.0,0.0,1.0
0.24468085169792175,0.3617021143436432,0.13829787075519562,0.25531914830207825,0.3617021143436432,1.3344621658325195,0.7249886989593506,4.0,0.10638296604156494,3.7979527282685175
0.0,0.0,0.0,0.0,0.0,0.0,0.0,0.0,0.0,1.0
0.24644549190998077,0.3364928960800171,0.1611374467611313,0.25592416524887085,0.3364928960800171,1.3546243906021118,0.7345746755599976,4.0,0.08056873083114624,3.875305082221674
0.2569444477558136,0.3819444477558136,0.125,0.2361111044883728,0.3819444477558136,1.317520022392273,0.7167245149612427,4.0,0.125,3.734149278120265
0.2222222238779068,0.31111112236976624,0.2222222238779068,0.24444444477558136,0.31111112236976624,1.3760991096496582,0.7446913421154022,4.0,0.06666667759418488,3.959426175736798
0.20000000298023224,0.30000001192092896,0.20000000298023224,0.30000001192092896,0.30000001192092896,1.3661589622497559,0.7399999797344208,4.0,0.0,3.9202638579935845
0.0,0.0,0.0,0.0,0.0,0.0,0.0,0.0,0.0,1.0
0.0,0.0,0.0,0.0,0.0,0.0,0.0,0.0,0.0,1.0
0.0,0.0,0.0,0.0,0.0,0.0,0.0,0.0,0.0,1.0
0.21666666865348816,0.3499999940395355,0.18333333730697632,0.25,0.3499999940395355,1.356395959854126,0.7344444394111633,4.0,0.09999999403953552,3.882176538380588
0.2857142984867096,0.2857142984867096,0.1428571492433548,0.2857142984867096,0.2857142984867096,1.3517839908599854,0.734693855047226,4.0,0.0,3.8643132846050605
0.125,0.375,0.25,0.25,0.375,1.3208882808685303,0.71875,4.0,0.125,3.746748064150549
0.25,0.3125,0.125,0.3125,0.3125,1.3334729671478271,0.7265625,4.0,0.0,3.79419765598767
0.0,0.0,0.0,0.0,0.0,0.0,0.0,0.0,0.0,1.0
0.26143792271614075,0.3464052379131317,0.14705882966518402,0.2450980395078659,0.3464052379131317,1.3445065021514893,0.7299542725086212,4.0,0.08496731519699097,3.83629287109932
0.2589641511440277,0.3625498116016388,0.15139442682266235,0.22709164023399353,0.3625498116016388,1.3401718139648438,0.7270042896270752,4.0,0.10358566045761108,3.819699726745288
0.25,0.3214285671710968,0.1428571492433548,0.2857142984867096,0.3214285671710968,1.3473079204559326,0.7321428656578064,4.0,0.03571426868438721,3.8470549997433308
0.0,0.0,0.0,0.0,0.0,0.0,0.0,0.0,0.0,1.0
0.2513088881969452,0.3560209572315216,0.14136125147342682,0.2513088881969452,0.3560209572315216,1.3384020328521729,0.7269537448883057,4.0,0.10471206903457642,3.8129456726743625
0.0,0.0,0.0,0.0,0.0,0.0,0.0,0.0,0.0,1.0
0.0,0.0,0.0,0.0,0.0,0.0,0.0,0.0,0.0,1.0
0.21052631735801697,0.31578946113586426,0.15789473056793213,0.31578946113586426,0.31578946113586426,1.347484827041626,0.7313019633293152,4.0,0.0,3.847735629310461
0.0,0.0,0.0,0.0,0.0,0.0,0.0,0.0,0.0,1.0
0.0,0.0,0.0,0.0,0.0,0.0,0.0,0.0,0.0,1.0
0.30000001192092896,0.3499999940395355,0.125,0.22499999403953552,0.3499999940395355,1.324182152748108,0.7212499976158142,4.0,0.04999998211860657,3.7591097199174994
0.2666666805744171,0.4000000059604645,0.06666667014360428,0.2666666805744171,0.4000000059604645,1.2519893646240234,0.6933332979679108,4.0,0.13333332538604736,3.4972934334904404
0.0,0.0,0.0,0.0,0.0,0.0,0.0,0.0,0.0,1.0
0.24242424964904785,0.3484848439693451,0.1515151560306549,0.25757575035095215,0.3484848439693451,1.346196174621582,0.7304866909980774,4.0,0.09090909361839294,3.8427804289312686
0.25,0.2884615361690521,0.19230769574642181,0.26923078298568726,0.2884615361690521,1.3755178451538086,0.7448224723339081,4.0,0.019230753183364868,3.957125370629846
0.20000000298023224,0.3333333432674408,0.20000000298023224,0.2666666805744171,0.3333333432674408,1.3624475002288818,0.7377777397632599,4.0,0.06666666269302368,3.9057409149197255
0.2195121943950653,0.3658536672592163,0.1463414579629898,0.26829269528388977,0.3658536672592163,1.3349578380584717,0.7245687246322632,4.0,0.09756097197532654,3.7998357345898137
0.0,0.0,0.0,0.0,0.0,0.0,0.0,0.0,0.0,1.0
0.0,0.0,0.0,0.0,0.0,0.0,0.0,0.0,0.0,1.0
0.0,0.0,0.0,0.0,0.0,0.0,0.0,0.0,0.0,1.0
0.0,0.0,0.0,0.0,0.0,0.0,0.0,0.0,0.0,1.0
0.0,0.0,0.0,0.0,0.0,0.0,0.0,0.0,0.0,1.0
0.2571428716182709,0.34285715222358704,0.1485714316368103,0.2514285743236542,0.34285715222358704,1.346641182899475,0.7310367226600647,4.0,0.08571428060531616,3.844490878586169
0.2567567527294159,0.3918918967247009,0.09459459781646729,0.2567567527294159,0.3918918967247009,1.2883673906326294,0.705624520778656,4.0,0.13513514399528503,3.626860473197463
0.2704918086528778,0.3196721374988556,0.14754098653793335,0.26229506731033325,0.3196721374988556,1.3516120910644531,0.7340768575668335,4.0,0.04918032884597778,3.8636490670326324
0.1666666716337204,0.3333333432674408,0.1666666716337204,0.3333333432674408,0.3333333432674408,1.3296613693237305,0.7222222089767456,4.0,0.0,3.7797632270524875
0.3333333432674408,0.4166666567325592,0.0833333358168602,0.1666666716337204,0.4166666567325592,1.2366849184036255,0.6805555522441864,4.0,0.08333331346511841,3.4441767913880326
0.2769230902194977,0.3384615480899811,0.13846154510974884,0.2461538463830948,0.3384615480899811,1.341063141822815,0.7289940714836121,4.0,0.0615384578704834,3.823105849281269
0.2777777910232544,0.2777777910232544,0.1666666716337204,0.2777777910232544,0.2777777910232544,1.3660714626312256,0.7407407164573669,4.0,0.0,3.9199208514081634
0.23783783614635468,0.3567567467689514,0.1459459513425827,0.2594594657421112,0.3567567467689514,1.3402109146118164,0.7275383472442627,4.0,0.09729728102684021,3.819849082395777
0.0,0.0,0.0,0.0,0.0,0.0,0.0,0.0,0.0,1.0
0.0,0.0,0.0,0.0,0.0,0.0,0.0,0.0,0.0,1.0
0.0,0.0,0.0,0.0,0.0,0.0,0.0,0.0,0.0,1.0
0.25,0.3333333432674408,0.1666666716337204,0.25,0.3333333432674408,1.3579778671264648,0.7361111044883728,4.0,0.0833333432674408,3.888322641680226
0.0,0.0,0.0,0.0,0.0,0.0,0.0,0.0,0.0,1.0
0.0,0.0,0.0,0.0,0.0,0.0,0.0,0.0,0.0,1.0
0.0,0.0,0.0,0.0,0.0,0.0,0.0,0.0,0.0,1.0
0.0,0.0,0.0,0.0,0.0,0.0,0.0,0.0,0.0,1.0
0.0,0.0,0.0,0.0,0.0,0.0,0.0,0.0,0.0,1.0
0.0,0.0,0.0,0.0,0.0,0.0,0.0,0.0,0.0,1.0
0.0,0.0,0.0,0.0,0.0,0.0,0.0,0.0,0.0,1.0
0.0,0.0,0.0,0.0,0.0,0.0,0.0,0.0,0.0,1.0
0.0,0.0,0.0,0.0,0.0,0.0,0.0,0.0,0.0,1.0
0.0,0.0,0.0,0.0,0.0,0.0,0.0,0.0,0.0,1.0
0.0,0.0,0.0,0.0,0.0,0.0,0.0,0.0,0.0,1.0
0.0,0.0,0.0,0.0,0.0,0.0,0.0,0.0,0.0,1.0
0.3333333432674408,0.3333333432674408,0.0,0.3333333432674408,0.3333333432674408,1.0986123085021973,0.6666666269302368,3.0,0.0,3.000000059502263
0.25,0.25,0.25,0.25,0.25,1.3862943649291992,0.75,4.0,0.0,4.000000015237235
0.0,0.0,0.0,0.0,0.0,0.0,0.0,0.0,0.0,1.0
0.0,0.0,0.0,0.0,0.0,0.0,0.0,0.0,0.0,1.0
0.0,0.0,0.0,0.0,0.0,0.0,0.0,0.0,0.0,1.0
0.0,0.0,0.0,0.0,0.0,0.0,0.0,0.0,0.0,1.0
0.0,0.0,0.0,0.0,0.0,0.0,0.0,0.0,0.0,1.0
0.25,0.25,0.25,0.25,0.25,1.3862943649291992,0.75,4.0,0.0,4.000000015237235
0.0,0.0,0.0,0.0,0.0,0.0,0.0,0.0,0.0,1.0
0.0,0.0,0.0,0.0,0.0,0.0,0.0,0.0,0.0,1.0
0.0,0.0,0.0,0.0,0.0,0.0,0.0,0.0,0.0,1.0
0.0,0.0,0.0,0.0,0.0,0.0,0.0,0.0,0.0,1.0
0.0,0.0,0.0,0.0,0.0,0.0,0.0,0.0,0.0,1.0
0.0,0.0,0.0,0.0,0.0,0.0,0.0,0.0,0.0,1.0
0.1666666716337204,0.3333333432674408,0.1666666716337204,0.3333333432674408,0.3333333432674408,1.3296613693237305,0.7222222089767456,4.0,0.0,3.7797632270524875
0.0,0.0,0.0,0.0,0.0,0.0,0.0,0.0,0.0,1.0
0.239130437374115,0.3478260934352875,0.1304347813129425,0.28260868787765503,0.3478260934352875,1.332268238067627,0.7249526977539062,4.0,0.06521740555763245,3.789629428026526
0.0,0.0,0.0,0.0,0.0,0.0,0.0,0.0,0.0,1.0
0.0,0.0,0.0,0.0,0.0,0.0,0.0,0.0,0.0,1.0
0.0,0.0,0.0,0.0,0.0,0.0,0.0,0.0,0.0,1.0
0.25362318754196167,0.3333333432674408,0.17391304671764374,0.239130437374115,0.3333333432674408,1.36049485206604,0.7371350526809692,4.0,0.07971015572547913,3.898121818226115
0.2857142984867096,0.4285714328289032,0.1428571492433548,0.1428571492433548,0.4285714328289032,1.2770341634750366,0.6938775777816772,4.0,0.1428571343421936,3.585988482833949
0.0,0.0,0.0,0.0,0.0,0.0,0.0,0.0,0.0,1.0
0.0,0.0,0.0,0.0,0.0,0.0,0.0,0.0,0.0,1.0
0.30000001192092896,0.3499999940395355,0.15000000596046448,0.20000000298023224,0.3499999940395355,1.3350852727890015,0.7249999642372131,4.0,0.04999998211860657,3.8003199964879455
0.0,0.0,0.0,0.0,0.0,0.0,0.0,0.0,0.0,1.0
0.0,0.0,0.0,0.0,0.0,0.0,0.0,0.0,0.0,1.0
0.2857142984867096,0.2857142984867096,0.1428571492433548,0.2857142984867096,0.2857142984867096,1.3517839908599854,0.734693855047226,4.0,0.0,3.8643132846050605
0.0,0.0,0.0,0.0,0.0,0.0,0.0,0.0,0.0,1.0
0.0,0.0,0.0,0.0,0.0,0.0,0.0,0.0,0.0,1.0
0.0,0.0,0.0,0.0,0.0,0.0,0.0,0.0,0.0,1.0
0.0,0.0,0.0,0.0,0.0,0.0,0.0,0.0,0.0,1.0
0.0,0.0,0.0,0.0,0.0,0.0,0.0,0.0,0.0,1.0
0.25,0.25,0.25,0.25,0.25,1.3862943649291992,0.75,4.0,0.0,4.000000015237235
0.25,0.25,0.25,0.25,0.25,1.3862943649291992,0.75,4.0,0.0,4.000000015237235
0.2222222238779068,0.40740740299224854,0.18518517911434174,0.18518517911434174,0.40740740299224854,1.3246594667434692,0.7160494029521942,4.0,0.18518517911434174,3.760904423881501
0.0,0.0,0.0,0.0,0.0,0.0,0.0,0.0,0.0,1.0
0.23076923191547394,0.3333333432674408,0.1794871836900711,0.25641027092933655,0.3333333432674408,1.3618544340133667,0.7376725673675537,4.0,0.07692307233810425,3.9034252386790773
0.20000000298023224,0.44999998807907104,0.15000000596046448,0.20000000298023224,0.44999998807907104,1.2876715660095215,0.6949999928474426,4.0,0.2499999850988388,3.624337692183998
0.24242424964904785,0.27272728085517883,0.24242424964904785,0.24242424964904785,0.27272728085517883,1.3849433660507202,0.7493112683296204,4.0,0.03030303120613098,3.9945996684553475
0.0,0.0,0.0,0.0,0.0,0.0,0.0,0.0,0.0,1.0
0.0,0.0,0.0,0.0,0.0,0.0,0.0,0.0,0.0,1.0
0.0,0.0,0.0,0.0,0.0,0.0,0.0,0.0,0.0,1.0
0.18421052396297455,0.3947368562221527,0.15789473056793213,0.2631579041481018,0.3947368562221527,1.321308970451355,0.7160664796829224,4.0,0.1315789520740509,3.748324613626325
0.2083333283662796,0.2916666567325592,0.2083333283662796,0.2916666567325592,0.2916666567325592,1.372340440750122,0.7430555820465088,4.0,0.0,3.9445719372799846
0.2429906576871872,0.37383177876472473,0.13084112107753754,0.25233644247055054,0.37383177876472473,1.3251644372940063,0.7204122543334961,4.0,0.1214953362941742,3.7628040494460633
0.2777777910232544,0.2777777910232544,0.2222222238779068,0.2222222238779068,0.2777777910232544,1.3801087141036987,0.7469135522842407,4.0,0.0,3.97533377885252
0.25,0.3815789520740509,0.10526315867900848,0.2631579041481018,0.3815789520740509,1.3024952411651611,0.7115650773048401,4.0,0.1184210479259491,3.678463880158095
0.2857142984867096,0.380952388048172,0.095238097012043,0.2380952388048172,0.380952388048172,1.2912094593048096,0.7074829936027527,4.0,0.0952380895614624,3.6371829213317657
0.24761904776096344,0.32380953431129456,0.16190476715564728,0.2666666805744171,0.32380953431129456,1.3580259084701538,0.736507922410965,4.0,0.05714285373687744,3.8885094464117675
0.18918919563293457,0.37837839126586914,0.1621621549129486,0.2702702581882477,0.37837839126586914,1.3313345909118652,0.7216946482658386,4.0,0.10810813307762146,3.786092902480065
0.0,0.0,0.0,0.0,0.0,0.0,0.0,0.0,0.0,1.0
0.27142858505249023,0.30000001192092896,0.18571428954601288,0.24285714328289032,0.30000001192092896,1.3715198040008545,0.7428571283817291,4.0,0.02857142686843872,3.941336204450349
0.23999999463558197,0.30000001192092896,0.2199999988079071,0.23999999463558197,0.30000001192092896,1.3793158531188965,0.746399998664856,4.0,0.060000017285346985,3.9721831409716764
0.2222222238779068,0.3333333432674408,0.2222222238779068,0.2222222238779068,0.3333333432674408,1.368922233581543,0.7407407164573669,4.0,0.111111119389534,3.9311115914383667
0.26923078298568726,0.42307692766189575,0.11538461595773697,0.19230769574642181,0.42307692766189575,1.283433198928833,0.6982248425483704,4.0,0.1538461446762085,3.609008926035905
0.2432432472705841,0.36216217279434204,0.1594594568014145,0.23513513803482056,0.36216217279434204,1.3448486328125,0.7289554476737976,4.0,0.11891892552375793,3.8376056090662893
0.27368420362472534,0.3368421196937561,0.13684210181236267,0.2526315748691559,0.3368421196937561,1.3409117460250854,0.7290858626365662,4.0,0.06315791606903076,3.822527090933309
0.26241135597229004,0.347517728805542,0.1489361673593521,0.24113474786281586,0.347517728805542,1.3449699878692627,0.7300437688827515,4.0,0.08510637283325195,3.8380713501722576
0.0,0.0,0.0,0.0,0.0,0.0,0.0,0.0,0.0,1.0
0.0,0.0,0.0,0.0,0.0,0.0,0.0,0.0,0.0,1.0
0.0,0.0,0.0,0.0,0.0,0.0,0.0,0.0,0.0,1.0
0.0,0.0,0.0,0.0,0.0,0.0,0.0,0.0,0.0,1.0
0.0,0.0,0.0,0.0,0.0,0.0,0.0,0.0,0.0,1.0
0.0,0.0,0.0,0.0,0.0,0.0,0.0,0.0,0.0,1.0
0.1666666716337204,0.3333333432674408,0.2222222238779068,0.2777777910232544,0.3333333432674408,1.3548849821090698,0.7345678806304932,4.0,0.0555555522441864,3.8763150854063824
0.0,0.0,0.0,0.0,0.0,0.0,0.0,0.0,0.0,1.0
0.0,0.0,0.0,0.0,0.0,0.0,0.0,0.0,0.0,1.0
0.0,0.0,0.0,0.0,0.0,0.0,0.0,0.0,0.0,1.0
0.0,0.0,0.0,0.0,0.0,0.0,0.0,0.0,0.0,1.0
0.5,0.5,0.0,0.0,0.5,0.6931471824645996,0.5,2.0,0.0,2.0000000038093084
0.2800000011920929,0.2800000011920929,0.1599999964237213,0.2800000011920929,0.2800000011920929,1.3625041246414185,0.7391999959945679,4.0,0.0,3.905962081466207
0.0,0.0,0.0,0.0,0.0,0.0,0.0,0.0,0.0,1.0
0.0,0.0,0.0,0.0,0.0,0.0,0.0,0.0,0.0,1.0
0.20000000298023224,0.30000001192092896,0.20000000298023224,0.30000001192092896,0.30000001192092896,1.3661589622497559,0.7399999797344208,4.0,0.0,3.9202638579935845
0.24242424964904785,0.39393940567970276,0.06060606241226196,0.3030303120613098,0.39393940567970276,1.242203950881958,0.6905417442321777,4.0,0.09090909361839294,3.463237865922646
0.0,0.0,0.0,0.0,0.0,0.0,0.0,0.0,0.0,1.0
0.0,0.0,0.0,0.0,0.0,0.0,0.0,0.0,0.0,1.0
0.0,0.0,0.0,0.0,0.0,0.0,0.0,0.0,0.0,1.0
0.0,0.0,0.0,0.0,0.0,0.0,0.0,0.0,0.0,1.0
0.0,0.0,0.0,0.0,0.0,0.0,0.0,0.0,0.0,1.0
0.0,0.0,0.0,0.0,0.0,0.0,0.0,0.0,0.0,1.0
0.0,0.0,0.0,0.0,0.0,0.0,0.0,0.0,0.0,1.0
0.0,0.0,0.0,0.0,0.0,0.0,0.0,0.0,0.0,1.0
0.0,0.0,0.0,0.0,0.0,0.0,0.0,0.0,0.0,1.0
0.22580644488334656,0.32258063554763794,0.16129031777381897,0.29032257199287415,0.32258063554763794,1.3543280363082886,0.7346513867378235,4.0,0.032258063554763794,3.8741567890798883
0.0,0.0,0.0,0.0,0.0,0.0,0.0,0.0,0.0,1.0
0.0,0.0,0.0,0.0,0.0,0.0,0.0,0.0,0.0,1.0
0.0,0.0,0.0,0.0,0.0,0.0,0.0,0.0,0.0,1.0
0.0,0.0,0.0,0.0,0.0,0.0,0.0,0.0,0.0,1.0
0.0,0.0,0.0,0.0,0.0,0.0,0.0,0.0,0.0,1.0
0.25,0.4166666567325592,0.0,0.3333333432674408,0.4166666567325592,1.0775563716888428,0.6527777910232544,3.0,0.08333331346511841,2.937492633401273
0.0,0.0,0.0,0.0,0.0,0.0,0.0,0.0,0.0,1.0
0.0,0.0,0.0,0.0,0.0,0.0,0.0,0.0,0.0,1.0
0.0,0.0,0.0,0.0,0.0,0.0,0.0,0.0,0.0,1.0
0.0,0.0,0.0,0.0,0.0,0.0,0.0,0.0,0.0,1.0
0.25,0.25,0.25,0.25,0.25,1.3862943649291992,0.75,4.0,0.0,4.000000015237235
0.0,0.0,0.0,0.0,0.0,0.0,0.0,0.0,0.0,1.0
0.0,0.0,0.0,0.0,0.0,0.0,0.0,0.0,0.0,1.0
0.25,0.3125,0.1875,0.25,0.3125,1.3705023527145386,0.7421875,4.0,0.0625,3.9373281262172704
0.3076923191547394,0.3076923191547394,0.10256410390138626,0.28205129504203796,0.3076923191547394,1.3158748149871826,0.7205785512924194,4.0,0.0,3.728010878930661
0.0,0.0,0.0,0.0,0.0,0.0,0.0,0.0,0.0,1.0
0.2142857164144516,0.4285714328289032,0.1428571492433548,0.2142857164144516,0.4285714328289032,1.3013055324554443,0.7040816247463226,4.0,0.2142857164144516,3.6740901818708456
0.0,0.0,0.0,0.0,0.0,0.0,0.0,0.0,0.0,1.0
0.1964285671710968,0.3571428656578064,0.1607142835855484,0.2857142984867096,0.3571428656578064,1.3391385078430176,0.7264030575752258,4.0,0.0714285671710968,3.815754846119757
0.24637681245803833,0.3478260934352875,0.14492753148078918,0.260869562625885,0.3478260934352875,1.342940330505371,0.7292585074901581,4.0,0.08695653080940247,3.83028928053224
0.24137930572032928,0.3448275923728943,0.17241379618644714,0.24137930572032928,0.3448275923728943,1.3564066886901855,0.7348394691944122,4.0,0.103448286652565,3.882218189839658
0.1111111119389534,0.4444444477558136,0.2222222238779068,0.2222222238779068,0.4444444477558136,1.2730282545089722,0.6913580298423767,4.0,0.2222222238779068,3.5716520737649007
0.23762376606464386,0.3465346395969391,0.15841583907604218,0.2574257552623749,0.3465346395969391,1.3499481678009033,0.7320850789546967,4.0,0.08910888433456421,3.8572255970304123
0.0,0.0,0.0,0.0,0.0,0.0,0.0,0.0,0.0,1.0
0.23404255509376526,0.3617021143436432,0.1702127605676651,0.23404255509376526,0.3617021143436432,1.3490016460418701,0.7306473553180695,4.0,0.12765955924987793,3.8535763763791437
0.0,0.0,0.0,0.0,0.0,0.0,0.0,0.0,0.0,1.0
0.0,0.0,0.0,0.0,0.0,0.0,0.0,0.0,0.0,1.0
0.0,0.75,0.0,0.25,0.75,0.5623351335525513,0.375,2.0,0.5,1.754765331184639
0.25,0.3928571343421936,0.1428571492433548,0.2142857164144516,0.3928571343421936,1.3217060565948486,0.7168367505073547,4.0,0.1428571343421936,3.7498133169438805
0.2142857164144516,0.3214285671710968,0.1785714328289032,0.2857142984867096,0.3214285671710968,1.3604795932769775,0.7372449040412903,4.0,0.03571426868438721,3.8980623380613495
0.0,0.0,0.0,0.0,0.0,0.0,0.0,0.0,0.0,1.0
0.20000000298023224,0.36666667461395264,0.20000000298023224,0.23333333432674408,0.36666667461395264,1.351219654083252,0.7311111092567444,4.0,0.13333334028720856,3.8621331257315146
0.0,1.0,0.0,0.0,1.0,-0.0,0.0,1.0,1.0,1.0
0.0,0.0,0.0,0.0,0.0,0.0,0.0,0.0,0.0,1.0
0.0,0.0,0.0,0.0,0.0,0.0,0.0,0.0,0.0,1.0
0.0,0.0,0.0,0.0,0.0,0.0,0.0,0.0,0.0,1.0
0.0,0.0,0.0,0.0,0.0,0.0,0.0,0.0,0.0,1.0
0.0,0.0,0.0,0.0,0.0,0.0,0.0,0.0,0.0,1.0
0.0,0.0,0.0,0.0,0.0,0.0,0.0,0.0,0.0,1.0
0.0,0.0,0.0,0.0,0.0,0.0,0.0,0.0,0.0,1.0
0.0,0.0,0.0,0.0,0.0,0.0,0.0,0.0,0.0,1.0
0.2857142984867096,0.2857142984867096,0.1428571492433548,0.2857142984867096,0.2857142984867096,1.3517839908599854,0.734693855047226,4.0,0.0,3.8643132846050605
0.0,1.0,0.0,0.0,1.0,-0.0,0.0,1.0,1.0,1.0
0.20000000298023224,0.47999998927116394,0.07999999821186066,0.23999999463558197,0.47999998927116394,1.2187590599060059,0.6656000316143036,4.0,0.23999999463558197,3.382987043498262
0.2631579041481018,0.31578946113586426,0.15789473056793213,0.2631579041481018,0.31578946113586426,1.3580825328826904,0.7368421256542206,4.0,0.05263155698776245,3.8887296372088422
0.27586206793785095,0.3448275923728943,0.1034482792019844,0.27586206793785095,0.3448275923728943,1.3123732805252075,0.7181926071643829,4.0,0.06896552443504333,3.714979947804744
0.09090909361839294,0.4545454680919647,0.09090909361839294,0.3636363744735718,0.4545454680919647,1.1622254848480225,0.6446280479431152,4.0,0.09090909361839294,3.197040329675081
0.0,0.0,0.0,0.0,0.0,0.0,0.0,0.0,0.0,1.0
0.0,0.0,0.0,0.0,0.0,0.0,0.0,0.0,0.0,1.0
0.0,0.0,0.0,0.0,0.0,0.0,0.0,0.0,0.0,1.0
0.0,0.0,0.0,0.0,0.0,0.0,0.0,0.0,0.0,1.0
0.0,0.0,0.0,0.0,0.0,0.0,0.0,0.0,0.0,1.0
0.0,0.0,0.0,0.0,0.0,0.0,0.0,0.0,0.0,1.0
0.0,0.0,0.0,0.0,0.0,0.0,0.0,0.0,0.0,1.0
0.3333333432674408,0.3333333432674408,0.0,0.3333333432674408,0.3333333432674408,1.0986123085021973,0.6666666269302368,3.0,0.0,3.000000059502263
0.2857142984867096,0.2857142984867096,0.1428571492433548,0.2857142984867096,0.2857142984867096,1.3517839908599854,0.734693855047226,4.0,0.0,3.8643132846050605
0.0,0.0,0.0,0.0,0.0,0.0,0.0,0.0,0.0,1.0
0.0,0.0,0.0,0.0,0.0,0.0,0.0,0.0,0.0,1.0
0.0,0.0,0.0,0.0,0.0,0.0,0.0,0.0,0.0,1.0
0.20370370149612427,0.37037035822868347,0.12962962687015533,0.29629629850387573,0.37037035822868347,1.3172379732131958,0.7167352139949799,4.0,0.07407405972480774,3.733096212896892
0.28125,0.34375,0.125,0.25,0.34375,1.3303427696228027,0.724609375,4.0,0.0625,3.7823396365292306
0.2857142984867096,0.2857142984867096,0.1428571492433548,0.2857142984867096,0.2857142984867096,1.3517839908599854,0.734693855047226,4.0,0.0,3.8643132846050605
0.0,1.0,0.0,0.0,1.0,-0.0,0.0,1.0,1.0,1.0
0.260869562625885,0.3478260934352875,0.1304347813129425,0.260869562625885,0.3478260934352875,1.3340818881988525,0.7258978486061096,4.0,0.08695653080940247,3.7965087263704462
0.3076923191547394,0.5384615659713745,0.07692307978868484,0.07692307978868484,0.5384615659713745,1.0905994176864624,0.6035502552986145,4.0,0.23076924681663513,2.976057439483986
0.0,0.0,0.0,0.0,0.0,0.0,0.0,0.0,0.0,1.0
0.25,0.375,0.125,0.25,0.375,1.3208882808685303,0.71875,4.0,0.125,3.746748064150549
0.2566371560096741,0.3097345232963562,0.20353981852531433,0.2300885021686554,0.3097345232963562,1.3741520643234253,0.7438327074050903,4.0,0.05309736728668213,3.951724493701851
0.24137930572032928,0.3103448152542114,0.2068965584039688,0.24137930572032928,0.3103448152542114,1.3752847909927368,0.7443519830703735,4.0,0.06896550953388214,3.9562032535521223
0.0,0.0,0.0,0.0,0.0,0.0,0.0,0.0,0.0,1.0
0.0,0.0,0.0,0.0,0.0,0.0,0.0,0.0,0.0,1.0
0.0,0.5,0.0,0.5,0.5,0.6931471824645996,0.5,2.0,0.0,2.0000000038093084
0.0,0.0,0.0,0.0,0.0,0.0,0.0,0.0,0.0,1.0
0.0,0.0,0.0,0.0,0.0,0.0,0.0,0.0,0.0,1.0
0.0,1.0,0.0,0.0,1.0,-0.0,0.0,1.0,1.0,1.0
0.0,0.0,0.0,0.0,0.0,0.0,0.0,0.0,0.0,1.0
0.0,0.0,0.0,0.0,0.0,0.0,0.0,0.0,0.0,1.0
0.0,0.0,0.0,0.0,0.0,0.0,0.0,0.0,0.0,1.0
0.0,1.0,0.0,0.0,1.0,-0.0,0.0,1.0,1.0,1.0
0.0,0.0,0.0,0.0,0.0,0.0,0.0,0.0,0.0,1.0
0.25,0.3166666626930237,0.17499999701976776,0.25833332538604736,0.3166666626930237,1.3653852939605713,0.7398611009120941,4.0,0.05833333730697632,3.9172320471206112
0.0,0.0,0.0,0.0,0.0,0.0,0.0,0.0,0.0,1.0
0.0,0.0,0.0,0.0,0.0,0.0,0.0,0.0,0.0,1.0
0.0,0.0,0.0,0.0,0.0,0.0,0.0,0.0,0.0,1.0
0.0,0.0,0.0,0.0,0.0,0.0,0.0,0.0,0.0,1.0
0.20000000298023224,0.4000000059604645,0.20000000298023224,0.20000000298023224,0.4000000059604645,1.332179069519043,0.7199999690055847,4.0,0.20000000298023224,3.7892915273360384
0.0,0.0,0.0,0.0,0.0,0.0,0.0,0.0,0.0,1.0
0.0,0.0,0.0,0.0,0.0,0.0,0.0,0.0,0.0,1.0
0.0,0.0,0.0,0.0,0.0,0.0,0.0,0.0,0.0,1.0
0.5,0.5,0.0,0.0,0.5,0.6931471824645996,0.5,2.0,0.0,2.0000000038093084
0.0,0.0,0.0,0.0,0.0,0.0,0.0,0.0,0.0,1.0
0.25,0.3333333432674408,0.1666666716337204,0.25,0.3333333432674408,1.3579778671264648,0.7361111044883728,4.0,0.0833333432674408,3.888322641680226
0.0,0.0,0.0,0.0,0.0,0.0,0.0,0.0,0.0,1.0
0.25,0.3888888955116272,0.1111111119389534,0.25,0.3888888955116272,1.304573893547058,0.7114197611808777,4.0,0.1388888955116272,3.6861180803189866
0.0,0.0,0.0,0.0,0.0,0.0,0.0,0.0,0.0,1.0
0.0,0.0,0.0,0.0,0.0,0.0,0.0,0.0,0.0,1.0
0.0,0.0,0.0,0.0,0.0,0.0,0.0,0.0,0.0,1.0
0.0,0.0,0.0,0.0,0.0,0.0,0.0,0.0,0.0,1.0
0.0,0.0,0.0,0.0,0.0,0.0,0.0,0.0,0.0,1.0
0.0,0.0,0.0,0.0,0.0,0.0,0.0,0.0,0.0,1.0
0.0,0.0,0.0,0.0,0.0,0.0,0.0,0.0,0.0,1.0
0.0,0.0,0.0,0.0,0.0,0.0,0.0,0.0,0.0,1.0
0.0,0.0,0.0,0.0,0.0,0.0,0.0,0.0,0.0,1.0
0.25,0.25,0.25,0.25,0.25,1.3862943649291992,0.75,4.0,0.0,4.000000015237235
0.0,0.0,0.0,0.0,0.0,0.0,0.0,0.0,0.0,1.0
0.0,0.0,0.0,0.0,0.0,0.0,0.0,0.0,0.0,1.0
0.0,0.0,0.0,0.0,0.0,0.0,0.0,0.0,0.0,1.0
0.3333333432674408,0.3333333432674408,0.0,0.3333333432674408,0.3333333432674408,1.0986123085021973,0.6666666269302368,3.0,0.0,3.000000059502263
0.0,0.0,0.0,0.0,0.0,0.0,0.0,0.0,0.0,1.0
0.0,0.0,0.0,0.0,0.0,0.0,0.0,0.0,0.0,1.0
0.0,0.0,0.0,0.0,0.0,0.0,0.0,0.0,0.0,1.0
0.0,0.0,0.0,0.0,0.0,0.0,0.0,0.0,0.0,1.0
0.0,0.0,0.0,0.0,0.0,0.0,0.0,0.0,0.0,1.0
0.2800000011920929,0.36000001430511475,0.1599999964237213,0.20000000298023224,0.36000001430511475,1.3393254280090332,0.7263999581336975,4.0,0.08000001311302185,3.8164681543128345
0.0,0.0,0.0,0.0,0.0,0.0,0.0,0.0,0.0,1.0
0.0,0.0,0.0,0.0,0.0,0.0,0.0,0.0,0.0,1.0
0.0,0.0,0.0,0.0,0.0,0.0,0.0,0.0,0.0,1.0
0.0,0.0,0.0,0.0,0.0,0.0,0.0,0.0,0.0,1.0
0.0,0.0,0.0,0.0,0.0,0.0,0.0,0.0,0.0,1.0
0.5,0.5,0.0,0.0,0.5,0.6931471824645996,0.5,2.0,0.0,2.0000000038093084
0.2626262605190277,0.3232323229312897,0.17171716690063477,0.24242424964904785,0.3232323229312897,1.3622715473175049,0.738292008638382,4.0,0.06060606241226196,3.905053748890866
0.27586206793785095,0.3103448152542114,0.2068965584039688,0.2068965584039688,0.3103448152542114,1.3703417778015137,0.7419738471508026,4.0,0.034482747316360474,3.936695940853766
0.2857142984867096,0.2857142984867096,0.1428571492433548,0.2857142984867096,0.2857142984867096,1.3517839908599854,0.734693855047226,4.0,0.0,3.8643132846050605
0.0,0.0,0.0,0.0,0.0,0.0,0.0,0.0,0.0,1.0
0.0,0.0,0.0,0.0,0.0,0.0,0.0,0.0,0.0,1.0
0.0,0.0,0.0,0.0,0.0,0.0,0.0,0.0,0.0,1.0
0.2857142984867096,0.2857142984867096,0.1428571492433548,0.2857142984867096,0.2857142984867096,1.3517839908599854,0.734693855047226,4.0,0.0,3.8643132846050605
0.25,0.25,0.25,0.25,0.25,1.3862943649291992,0.75,4.0,0.0,4.000000015237235
0.0,0.0,0.0,0.0,0.0,0.0,0.0,0.0,0.0,1.0
0.5,0.5,0.0,0.0,0.5,0.6931471824645996,0.5,2.0,0.0,2.0000000038093084
0.0,0.0,0.0,0.0,0.0,0.0,0.0,0.0,0.0,1.0
0.0,0.0,0.0,0.0,0.0,0.0,0.0,0.0,0.0,1.0
0.25,0.25,0.25,0.25,0.25,1.3862943649291992,0.75,4.0,0.0,4.000000015237235
0.0,0.0,0.0,0.0,0.0,0.0,0.0,0.0,0.0,1.0
0.26153847575187683,0.3384615480899811,0.1538461595773697,0.2461538463830948,0.3384615480899811,1.3504668474197388,0.7327810227870941,4.0,0.07692307233810425,3.859226780274459
0.0,0.0,0.0,0.0,0.0,0.0,0.0,0.0,0.0,1.0
0.22727273404598236,0.3181818127632141,0.1818181872367859,0.27272728085517883,0.3181818127632141,1.3653925657272339,0.7396694123744965,4.0,0.04545453190803528,3.91726053242159
0.0,0.0,0.0,0.0,0.0,0.0,0.0,0.0,0.0,1.0
0.0,0.0,0.0,0.0,0.0,0.0,0.0,0.0,0.0,1.0
0.0,0.0,0.0,0.0,0.0,0.0,0.0,0.0,0.0,1.0
0.0,0.0,0.0,0.0,0.0,0.0,0.0,0.0,0.0,1.0
0.0,0.0,0.0,0.0,0.0,0.0,0.0,0.0,0.0,1.0
0.3333333432674408,0.3333333432674408,0.1666666716337204,0.1666666716337204,0.3333333432674408,1.3296613693237305,0.7222221791744232,4.0,0.0,3.7797632270524875
0.27272728085517883,0.3030303120613098,0.1515151560306549,0.27272728085517883,0.3030303120613098,1.3564140796661377,0.7364554405212402,4.0,0.03030303120613098,3.8822468833269763
0.0,0.0,0.0,0.0,0.0,0.0,0.0,0.0,0.0,1.0
0.0,0.0,0.0,0.0,0.0,0.0,0.0,0.0,0.0,1.0
0.0,0.0,0.0,0.0,0.0,0.0,0.0,0.0,0.0,1.0
0.0,0.0,0.0,0.0,0.0,0.0,0.0,0.0,0.0,1.0
0.0,0.0,0.0,0.0,0.0,0.0,0.0,0.0,0.0,1.0
0.3333333432674408,0.3333333432674408,0.0,0.3333333432674408,0.3333333432674408,1.0986123085021973,0.6666666269302368,3.0,0.0,3.000000059502263
0.0,0.0,0.0,0.0,0.0,0.0,0.0,0.0,0.0,1.0
0.0,0.0,0.0,0.0,0.0,0.0,0.0,0.0,0.0,1.0
0.0,0.0,0.0,0.0,0.0,0.0,0.0,0.0,0.0,1.0
0.0,0.0,0.0,0.0,0.0,0.0,0.0,0.0,0.0,1.0
0.0,0.0,0.0,0.0,0.0,0.0,0.0,0.0,0.0,1.0
0.0,0.0,0.0,0.0,0.0,0.0,0.0,0.0,0.0,1.0
0.0,0.0,0.0,0.0,0.0,0.0,0.0,0.0,0.0,1.0
0.0,0.0,0.0,0.0,0.0,0.0,0.0,0.0,0.0,1.0
0.3333333432674408,0.3333333432674408,0.0,0.3333333432674408,0.3333333432674408,1.0986123085021973,0.6666666269302368,3.0,0.0,3.000000059502263
0.0,0.0,0.0,0.0,0.0,0.0,0.0,0.0,0.0,1.0
0.0,0.5,0.0,0.5,0.5,0.6931471824645996,0.5,2.0,0.0,2.0000000038093084
0.0,0.0,0.0,0.0,0.0,0.0,0.0,0.0,0.0,1.0
0.25,0.25,0.25,0.25,0.25,1.3862943649291992,0.75,4.0,0.0,4.000000015237235
0.0,1.0,0.0,0.0,1.0,-0.0,0.0,1.0,1.0,1.0
0.0,0.0,0.0,0.0,0.0,0.0,0.0,0.0,0.0,1.0
0.0,0.0,0.0,0.0,0.0,0.0,0.0,0.0,0.0,1.0
0.0,0.0,0.0,0.0,0.0,0.0,0.0,0.0,0.0,1.0
0.0,0.0,0.0,0.0,0.0,0.0,0.0,0.0,0.0,1.0
0.0,0.0,0.0,0.0,0.0,0.0,0.0,0.0,0.0,1.0
0.0,0.0,0.0,0.0,0.0,0.0,0.0,0.0,0.0,1.0
0.0,0.0,0.0,0.0,0.0,0.0,0.0,0.0,0.0,1.0
0.0,0.0,0.0,0.0,0.0,0.0,0.0,0.0,0.0,1.0
0.5,0.5,0.0,0.0,0.5,0.6931471824645996,0.5,2.0,0.0,2.0000000038093084
0.0,0.0,0.0,0.0,0.0,0.0,0.0,0.0,0.0,1.0
0.25,0.25,0.25,0.25,0.25,1.3862943649291992,0.75,4.0,0.0,4.000000015237235
0.3333333432674408,0.3333333432674408,0.0,0.3333333432674408,0.3333333432674408,1.0986123085021973,0.6666666269302368,3.0,0.0,3.000000059502263
0.0,0.0,0.0,0.0,0.0,0.0,0.0,0.0,0.0,1.0
0.22448979318141937,0.3265306055545807,0.18367347121238708,0.26530611515045166,0.3265306055545807,1.364113450050354,0.7388588190078735,4.0,0.06122449040412903,3.912253106285519
0.2222222238779068,0.3333333432674408,0.2222222238779068,0.2222222238779068,0.3333333432674408,1.368922233581543,0.7407407164573669,4.0,0.111111119389534,3.9311115914383667
0.2666666805744171,0.4000000059604645,0.03333333507180214,0.30000001192092896,0.4000000059604645,1.193549633026123,0.6777777671813965,4.0,0.09999999403953552,3.2987698723590158
0.25925925374031067,0.37037035822868347,0.1111111119389534,0.25925925374031067,0.37037035822868347,1.3119690418243408,0.7160494029521942,4.0,0.1111111044883728,3.7134785126264465
0.3636363744735718,0.3636363744735718,0.0,0.27272728085517883,0.3636363744735718,1.0900596380233765,0.6611570119857788,3.0,0.0,2.974451457679129
0.2380952388048172,0.380952388048172,0.1428571492433548,0.2380952388048172,0.380952388048172,1.3290104866027832,0.7210884392261505,4.0,0.1428571492433548,3.7773038449502105
0.2142857164144516,0.4285714328289032,0.0714285746216774,0.2857142984867096,0.4285714328289032,1.239659309387207,0.6836734414100647,4.0,0.1428571343421936,3.4544363702177066
0.23529411852359772,0.4117647111415863,0.1764705926179886,0.1764705926179886,0.4117647111415863,1.3180238008499146,0.7128027379512787,4.0,0.1764705926179886,3.73603093601376
0.28260868787765503,0.32608696818351746,0.10869564861059189,0.28260868787765503,0.32608696818351746,1.3208887577056885,0.722117155790329,4.0,0.04347828030586243,3.746749850739674
0.23529411852359772,0.3529411852359772,0.1764705926179886,0.23529411852359772,0.3529411852359772,1.3545809984207153,0.7335639894008636,4.0,0.11764706671237946,3.8751369279288963
0.20000000298023224,0.30000001192092896,0.20000000298023224,0.30000001192092896,0.30000001192092896,1.3661589622497559,0.7399999797344208,4.0,0.0,3.9202638579935845
0.2777777910232544,0.3888888955116272,0.1111111119389534,0.2222222238779068,0.3888888955116272,1.301481008529663,0.709876537322998,4.0,0.1111111044883728,3.6747349533616167
0.25,0.3541666567325592,0.1354166716337204,0.2604166567325592,0.3541666567325592,1.335329532623291,0.7259114384651184,4.0,0.09375,3.8012483753987585
0.2666666805744171,0.35555556416511536,0.15555556118488312,0.2222222238779068,0.35555556416511536,1.343828558921814,0.7288888692855835,4.0,0.08888888359069824,3.833692963714689
0.25,0.25,0.25,0.25,0.25,1.3862943649291992,0.75,4.0,0.0,4.000000015237235
0.25773194432258606,0.3298968970775604,0.1649484485387802,0.24742268025875092,0.3298968970775604,1.3581113815307617,0.7363163232803345,4.0,0.07216495275497437,3.888841823419793
0.23529411852359772,0.29411765933036804,0.23529411852359772,0.23529411852359772,0.29411765933036804,1.3812884092330933,0.7474048435688019,4.0,0.058823540806770325,3.9800262280346734
0.0,0.0,0.0,0.0,0.0,0.0,0.0,0.0,0.0,1.0
0.2777777910232544,0.3333333432674408,0.1111111119389534,0.2777777910232544,0.3333333432674408,1.3219701051712036,0.7222222089767456,4.0,0.0555555522441864,3.75080358054491
0.0,0.0,0.0,0.0,0.0,0.0,0.0,0.0,0.0,1.0
0.0,0.0,0.0,0.0,0.0,0.0,0.0,0.0,0.0,1.0
0.0,0.0,0.0,0.0,0.0,0.0,0.0,0.0,0.0,1.0
0.30000001192092896,0.30000001192092896,0.10000000149011612,0.30000001192092896,0.30000001192092896,1.3138341903686523,0.7199999690055847,4.0,0.0,3.720411164871962
0.0,0.0,0.0,0.0,0.0,0.0,0.0,0.0,0.0,1.0
0.2222222238779068,0.4444444477558136,0.1111111119389534,0.2222222238779068,0.4444444477558136,1.2730282545089722,0.6913580298423767,4.0,0.2222222238779068,3.5716520737649007
0.0,0.0,0.0,0.0,0.0,0.0,0.0,0.0,0.0,1.0
0.2222222238779068,0.3333333432674408,0.1666666716337204,0.2777777910232544,0.3333333432674408,1.3548849821090698,0.7345678806304932,4.0,0.0555555522441864,3.8763150854063824
0.23076923191547394,0.3186813294887543,0.18681319057941437,0.2637362778186798,0.3186813294887543,1.3677334785461426,0.7407317757606506,4.0,0.05494505167007446,3.9264412392416568
0.2222222238779068,0.3888888955116272,0.1666666716337204,0.2222222238779068,0.3888888955116272,1.3343958854675293,0.7222222089767456,4.0,0.1666666716337204,3.7977010069176558
0.25,0.3333333432674408,0.1666666716337204,0.25,0.3333333432674408,1.3579778671264648,0.7361111044883728,4.0,0.0833333432674408,3.888322641680226
0.20588235557079315,0.3382352888584137,0.1764705926179886,0.27941176295280457,0.3382352888584137,1.3544137477874756,0.7339965403079987,4.0,0.05882352590560913,3.8744888630199537
0.0,0.0,0.0,0.0,0.0,0.0,0.0,0.0,0.0,1.0
0.27272728085517883,0.4545454680919647,0.09090909361839294,0.1818181872367859,0.4545454680919647,1.2406842708587646,0.6776859164237976,4.0,0.1818181872367859,3.457978849545411
0.27272728085517883,0.4545454680919647,0.09090909361839294,0.1818181872367859,0.4545454680919647,1.2406842708587646,0.6776859164237976,4.0,0.1818181872367859,3.457978849545411
0.0,0.0,0.0,0.0,0.0,0.0,0.0,0.0,0.0,1.0
0.0,0.0,0.0,0.0,0.0,0.0,0.0,0.0,0.0,1.0
0.20000000298023224,0.30000001192092896,0.20000000298023224,0.30000001192092896,0.30000001192092896,1.3661589622497559,0.7399999797344208,4.0,0.0,3.9202638579935845
0.0,0.0,0.0,0.0,0.0,0.0,0.0,0.0,0.0,1.0
0.25,0.5,0.0,0.25,0.5,1.0397207736968994,0.625,3.0,0.25,2.828427132826954
0.0,0.0,0.0,0.0,0.0,0.0,0.0,0.0,0.0,1.0
0.27272728085517883,0.3636363744735718,0.1818181872367859,0.1818181872367859,0.3636363744735718,1.3421130180358887,0.7272727191448212,4.0,0.09090909361839294,3.827121744900261
0.25,0.25,0.25,0.25,0.25,1.3862943649291992,0.75,4.0,0.0,4.000000015237235
0.0,0.0,0.0,0.0,0.0,0.0,0.0,0.0,0.0,1.0
0.0,0.0,0.0,0.0,0.0,0.0,0.0,0.0,0.0,1.0
0.0,0.0,0.0,0.0,0.0,0.0,0.0,0.0,0.0,1.0
0.23076923191547394,0.38461539149284363,0.23076923191547394,0.1538461595773697,0.38461539149284363,1.332244873046875,0.7218934893608093,4.0,0.1538461595773697,3.789540884290715
0.0,0.0,0.0,0.0,0.0,0.0,0.0,0.0,0.0,1.0
0.0,0.0,0.0,0.0,0.0,0.0,0.0,0.0,0.0,1.0
0.20000000298023224,0.4000000059604645,0.20000000298023224,0.20000000298023224,0.4000000059604645,1.332179069519043,0.7199999690055847,4.0,0.20000000298023224,3.7892915273360384
0.2222222238779068,0.3333333432674408,0.2222222238779068,0.2222222238779068,0.3333333432674408,1.368922233581543,0.7407407164573669,4.0,0.111111119389534,3.9311115914383667
0.0,0.0,0.0,0.0,0.0,0.0,0.0,0.0,0.0,1.0
0.25,0.25,0.25,0.25,0.25,1.3862943649291992,0.75,4.0,0.0,4.000000015237235
0.0,0.0,0.0,0.0,0.0,0.0,0.0,0.0,0.0,1.0
0.0,0.0,0.0,0.0,0.0,0.0,0.0,0.0,0.0,1.0
0.0,0.0,0.0,0.0,0.0,0.0,0.0,0.0,0.0,1.0
0.0,0.0,0.0,0.0,0.0,0.0,0.0,0.0,0.0,1.0
0.2857142984867096,0.2857142984867096,0.1428571492433548,0.2857142984867096,0.2857142984867096,1.3517839908599854,0.734693855047226,4.0,0.0,3.8643132846050605
0.0,0.0,0.0,0.0,0.0,0.0,0.0,0.0,0.0,1.0
0.0,0.0,0.0,0.0,0.0,0.0,0.0,0.0,0.0,1.0
0.0,0.0,0.0,0.0,0.0,0.0,0.0,0.0,0.0,1.0
0.3333333432674408,0.6666666865348816,0.0,0.0,0.6666666865348816,0.6365141868591309,0.4444444179534912,2.0,0.3333333432674408,1.8898816099266726
0.0,0.0,0.0,0.0,0.0,0.0,0.0,0.0,0.0,1.0
0.0,0.0,0.0,0.0,0.0,0.0,0.0,0.0,0.0,1.0
0.0,0.0,0.0,0.0,0.0,0.0,0.0,0.0,0.0,1.0
0.0,0.0,0.0,0.0,0.0,0.0,0.0,0.0,0.0,1.0
0.0,0.0,0.0,0.0,0.0,0.0,0.0,0.0,0.0,1.0
0.0,0.0,0.0,0.0,0.0,0.0,0.0,0.0,0.0,1.0
0.25,0.25,0.25,0.25,0.25,1.3862943649291992,0.75,4.0,0.0,4.000000015237235
0.0,0.0,0.0,0.0,0.0,0.0,0.0,0.0,0.0,1.0
0.25,0.25,0.25,0.25,0.25,1.3862943649291992,0.75,4.0,0.0,4.000000015237235
0.0,0.0,0.0,0.0,0.0,0.0,0.0,0.0,0.0,1.0
0.0,0.0,0.0,0.0,0.0,0.0,0.0,0.0,0.0,1.0
0.27272728085517883,0.3636363744735718,0.1818181872367859,0.1818181872367859,0.3636363744735718,1.3421130180358887,0.7272727191448212,4.0,0.09090909361839294,3.827121744900261
0.0,0.0,0.0,0.0,0.0,0.0,0.0,0.0,0.0,1.0
0.0,0.0,0.0,0.0,0.0,0.0,0.0,0.0,0.0,1.0
0.20000000298023224,0.4000000059604645,0.20000000298023224,0.20000000298023224,0.4000000059604645,1.332179069519043,0.7199999690055847,4.0,0.20000000298023224,3.7892915273360384
0.2222222238779068,0.3333333432674408,0.2222222238779068,0.2222222238779068,0.3333333432674408,1.368922233581543,0.7407407164573669,4.0,0.111111119389534,3.9311115914383667
0.3333333432674408,0.3333333432674408,0.0,0.3333333432674408,0.3333333432674408,1.0986123085021973,0.6666666269302368,3.0,0.0,3.000000059502263
0.0,0.0,0.0,0.0,0.0,0.0,0.0,0.0,0.0,1.0
0.0,0.0,0.0,0.0,0.0,0.0,0.0,0.0,0.0,1.0
0.0,0.0,0.0,0.0,0.0,0.0,0.0,0.0,0.0,1.0
0.0,0.0,0.0,0.0,0.0,0.0,0.0,0.0,0.0,1.0
0.2142857164144516,0.3214285671710968,0.1785714328289032,0.2857142984867096,0.3214285671710968,1.3604795932769775,0.7372449040412903,4.0,0.03571426868438721,3.8980623380613495
0.0,0.0,0.0,0.0,0.0,0.0,0.0,0.0,0.0,1.0
0.0,0.0,0.0,0.0,0.0,0.0,0.0,0.0,0.0,1.0
0.25,0.25,0.25,0.25,0.25,1.3862943649291992,0.75,4.0,0.0,4.000000015237235
0.31578946113586426,0.31578946113586426,0.10526315867900848,0.2631579041481018,0.31578946113586426,1.3163022994995117,0.720221608877182,4.0,0.0,3.729604886525703
0.3030303120613098,0.3030303120613098,0.1515151560306549,0.24242424964904785,0.3030303120613098,1.353040099143982,0.7346189022064209,4.0,0.0,3.8691703303829055
0.25,0.25,0.25,0.25,0.25,1.3862943649291992,0.75,4.0,0.0,4.000000015237235
0.260869562625885,0.30434781312942505,0.17391304671764374,0.260869562625885,0.30434781312942505,1.3673350811004639,0.7410207986831665,4.0,0.04347825050354004,3.924877266643366
0.18518517911434174,0.3333333432674408,0.2222222238779068,0.25925925374031067,0.3333333432674408,1.3627204895019531,0.7379972636699677,4.0,0.07407408952713013,3.9068072858401828
0.23333333432674408,0.30000001192092896,0.20000000298023224,0.2666666805744171,0.30000001192092896,1.3751146793365479,0.7444444298744202,4.0,0.03333333134651184,3.9555303145034513
0.1666666716337204,0.3333333432674408,0.1666666716337204,0.3333333432674408,0.3333333432674408,1.3296613693237305,0.7222222089767456,4.0,0.0,3.7797632270524875
0.22727273404598236,0.27272728085517883,0.22727273404598236,0.27272728085517883,0.27272728085517883,1.3821563720703125,0.7479338645935059,4.0,0.0,3.983482242520866
0.0,0.0,0.0,0.0,0.0,0.0,0.0,0.0,0.0,1.0
0.27272728085517883,0.4545454680919647,0.09090909361839294,0.1818181872367859,0.4545454680919647,1.2406842708587646,0.6776859164237976,4.0,0.1818181872367859,3.457978849545411
0.2142857164144516,0.3571428656578064,0.2142857164144516,0.2142857164144516,0.3571428656578064,1.3580071926116943,0.734693855047226,4.0,0.1428571492433548,3.888436670300386
0.3333333432674408,0.3333333432674408,0.0,0.3333333432674408,0.3333333432674408,1.0986123085021973,0.6666666269302368,3.0,0.0,3.000000059502263
0.0,0.0,0.0,0.0,0.0,0.0,0.0,0.0,0.0,1.0
0.0,0.0,0.0,0.0,0.0,0.0,0.0,0.0,0.0,1.0
0.25,0.625,0.0,0.125,0.625,0.9002560973167419,0.53125,3.0,0.375,2.4602330895784155
0.0,0.0,0.0,0.0,0.0,0.0,0.0,0.0,0.0,1.0
0.2222222238779068,0.4444444477558136,0.0555555559694767,0.2777777910232544,0.4444444477558136,1.2110439538955688,0.672839492559433,4.0,0.1666666567325592,3.356987363932263
0.25,0.3333333432674408,0.1666666716337204,0.25,0.3333333432674408,1.3579778671264648,0.7361111044883728,4.0,0.0833333432674408,3.888322641680226
0.0,0.0,0.0,0.0,0.0,0.0,0.0,0.0,0.0,1.0
0.0,0.0,0.0,0.0,0.0,0.0,0.0,0.0,0.0,1.0
0.0,0.0,0.0,0.0,0.0,0.0,0.0,0.0,0.0,1.0
0.2222222238779068,0.3333333432674408,0.2222222238779068,0.2222222238779068,0.3333333432674408,1.368922233581543,0.7407407164573669,4.0,0.111111119389534,3.9311115914383667
0.0,0.0,0.0,0.0,0.0,0.0,0.0,0.0,0.0,1.0
0.0,0.0,0.0,0.0,0.0,0.0,0.0,0.0,0.0,1.0
0.2631579041481018,0.3684210479259491,0.15789473056793213,0.21052631735801697,0.3684210479259491,1.3386719226837158,0.7257617712020874,4.0,0.10526314377784729,3.813974886820612
0.0,0.0,0.0,0.0,0.0,0.0,0.0,0.0,0.0,1.0
0.15789473056793213,0.3684210479259491,0.21052631735801697,0.2631579041481018,0.3684210479259491,1.3386719226837158,0.7257617712020874,4.0,0.10526314377784729,3.813974886820612
0.25,0.25,0.25,0.25,0.25,1.3862943649291992,0.75,4.0,0.0,4.000000015237235
0.1627907007932663,0.3488371968269348,0.1860465109348297,0.302325576543808,0.3488371968269348,1.337432622909546,0.725797712802887,4.0,0.04651162028312683,3.8092511562683726
0.2142857164144516,0.3214285671710968,0.1785714328289032,0.2857142984867096,0.3214285671710968,1.3604795932769775,0.7372449040412903,4.0,0.03571426868438721,3.8980623380613495
0.0,0.0,0.0,0.0,0.0,0.0,0.0,0.0,0.0,1.0
0.2857142984867096,0.3571428656578064,0.1428571492433548,0.2142857164144516,0.3571428656578064,1.3337359428405762,0.7244897782802582,4.0,0.0714285671710968,3.795195568952356
0.0,0.0,0.0,0.0,0.0,0.0,0.0,0.0,0.0,1.0
0.25,0.375,0.125,0.25,0.375,1.3208882808685303,0.71875,4.0,0.125,3.746748064150549
0.0,0.0,0.0,0.0,0.0,0.0,0.0,0.0,0.0,1.0
0.0,0.0,0.0,0.0,0.0,0.0,0.0,0.0,0.0,1.0
0.2857142984867096,0.2857142984867096,0.1428571492433548,0.2857142984867096,0.2857142984867096,1.3517839908599854,0.734693855047226,4.0,0.0,3.8643132846050605
0.0,0.0,0.0,0.0,0.0,0.0,0.0,0.0,0.0,1.0
0.0,0.0,0.0,0.0,0.0,0.0,0.0,0.0,0.0,1.0
0.0,0.0,0.0,0.0,0.0,0.0,0.0,0.0,0.0,1.0
0.0,0.0,0.0,0.0,0.0,0.0,0.0,0.0,0.0,1.0
0.0,0.0,0.0,0.0,0.0,0.0,0.0,0.0,0.0,1.0
0.25,0.25,0.25,0.25,0.25,1.3862943649291992,0.75,4.0,0.0,4.000000015237235
0.20000000298023224,0.4000000059604645,0.0,0.4000000059604645,0.4000000059604645,1.0549201965332031,0.6399999856948853,3.0,0.0,2.871745969472488
0.27272728085517883,0.27272728085517883,0.1818181872367859,0.27272728085517883,0.27272728085517883,1.3730037212371826,0.7438016533851624,4.0,0.0,3.9471891627571316
0.0,0.0,0.0,0.0,0.0,0.0,0.0,0.0,0.0,1.0
0.0,0.0,0.0,0.0,0.0,0.0,0.0,0.0,0.0,1.0
0.0,0.0,0.0,0.0,0.0,0.0,0.0,0.0,0.0,1.0
0.0,0.0,0.0,0.0,0.0,0.0,0.0,0.0,0.0,1.0
0.25,0.5,0.0,0.25,0.5,1.0397207736968994,0.625,3.0,0.25,2.828427132826954
0.0,0.0,0.0,0.0,0.0,0.0,0.0,0.0,0.0,1.0
0.0,0.0,0.0,0.0,0.0,0.0,0.0,0.0,0.0,1.0
0.0,0.0,0.0,0.0,0.0,0.0,0.0,0.0,0.0,1.0
0.23076923191547394,0.3076923191547394,0.1538461595773697,0.3076923191547394,0.3076923191547394,1.351681113243103,0.7337277829647064,4.0,0.0,3.8639157537123197
0.0,0.0,0.0,0.0,0.0,0.0,0.0,0.0,0.0,1.0
0.0,0.0,0.0,0.0,0.0,0.0,0.0,0.0,0.0,1.0
0.0,0.0,0.0,0.0,0.0,0.0,0.0,0.0,0.0,1.0
0.0,0.0,0.0,0.0,0.0,0.0,0.0,0.0,0.0,1.0
0.0,0.0,0.0,0.0,0.0,0.0,0.0,0.0,0.0,1.0
0.0,0.0,0.0,0.0,0.0,0.0,0.0,0.0,0.0,1.0
0.3333333432674408,0.3333333432674408,0.1666666716337204,0.1666666716337204,0.3333333432674408,1.3296613693237305,0.7222221791744232,4.0,0.0,3.7797632270524875
0.0,0.0,0.0,0.0,0.0,0.0,0.0,0.0,0.0,1.0
0.2142857164144516,0.2857142984867096,0.2142857164144516,0.2857142984867096,0.2857142984867096,1.3760552406311035,0.7448979616165161,4.0,0.0,3.9592524834063125
0.0,0.0,0.0,0.0,0.0,0.0,0.0,0.0,0.0,1.0
0.25,0.25,0.25,0.25,0.25,1.3862943649291992,0.75,4.0,0.0,4.000000015237235
0.0,0.0,0.0,0.0,0.0,0.0,0.0,0.0,0.0,1.0
0.0,0.4285714328289032,0.1428571492433548,0.4285714328289032,0.4285714328289032,1.0042424201965332,0.6122449040412903,3.0,0.0,2.7298384188110467
0.20000000298023224,0.30000001192092896,0.20000000298023224,0.30000001192092896,0.30000001192092896,1.3661589622497559,0.7399999797344208,4.0,0.0,3.9202638579935845
0.0,0.0,0.0,0.0,0.0,0.0,0.0,0.0,0.0,1.0
0.20000000298023224,0.4000000059604645,0.20000000298023224,0.20000000298023224,0.4000000059604645,1.332179069519043,0.7199999690055847,4.0,0.20000000298023224,3.7892915273360384
0.1428571492433548,0.4285714328289032,0.1428571492433548,0.2857142984867096,0.4285714328289032,1.2770342826843262,0.6938775181770325,4.0,0.1428571343421936,3.585988910317114
0.0,0.0,0.0,0.0,0.0,0.0,0.0,0.0,0.0,1.0
0.0,0.0,0.0,0.0,0.0,0.0,0.0,0.0,0.0,1.0
0.3333333432674408,0.3333333432674408,0.0,0.3333333432674408,0.3333333432674408,1.0986123085021973,0.6666666269302368,3.0,0.0,3.000000059502263
0.0,0.5,0.0,0.5,0.5,0.6931471824645996,0.5,2.0,0.0,2.0000000038093084
0.0,0.0,0.0,0.0,0.0,0.0,0.0,0.0,0.0,1.0
0.3333333432674408,0.3333333432674408,0.3333333432674408,0.0,0.3333333432674408,1.0986123085021973,0.6666666269302368,3.0,0.0,3.000000059502263
0.3333333432674408,0.6666666865348816,0.0,0.0,0.6666666865348816,0.6365141868591309,0.4444444179534912,2.0,0.3333333432674408,1.8898816099266726
0.0,0.0,0.0,0.0,0.0,0.0,0.0,0.0,0.0,1.0
0.25,0.25,0.25,0.25,0.25,1.3862943649291992,0.75,4.0,0.0,4.000000015237235
0.20000000298023224,0.4000000059604645,0.10000000149011612,0.30000001192092896,0.4000000059604645,1.2798542976379395,0.699999988079071,4.0,0.09999999403953552,3.596115724840784
0.25806450843811035,0.29032257199287415,0.22580644488334656,0.22580644488334656,0.29032257199287415,1.38065505027771,0.7471384108066559,4.0,0.032258063554763794,3.9775062408929385
0.0,0.0,0.0,0.0,0.0,0.0,0.0,0.0,0.0,1.0
0.25,0.25,0.25,0.25,0.25,1.3862943649291992,0.75,4.0,0.0,4.000000015237235
0.0,1.0,0.0,0.0,1.0,-0.0,0.0,1.0,1.0,1.0
0.0,0.0,0.0,0.0,0.0,0.0,0.0,0.0,0.0,1.0
0.25,0.25,0.25,0.25,0.25,1.3862943649291992,0.75,4.0,0.0,4.000000015237235
0.2857142984867096,0.2857142984867096,0.1428571492433548,0.2857142984867096,0.2857142984867096,1.3517839908599854,0.734693855047226,4.0,0.0,3.8643132846050605
0.26923078298568726,0.3461538553237915,0.1538461595773697,0.23076923191547394,0.3461538553237915,1.3468608856201172,0.7307692170143127,4.0,0.07692307233810425,3.8453356164838874
0.0,0.0,0.0,0.0,0.0,0.0,0.0,0.0,0.0,1.0
0.3333333432674408,0.3333333432674408,0.0,0.3333333432674408,0.3333333432674408,1.0986123085021973,0.6666666269302368,3.0,0.0,3.000000059502263
0.0,0.0,0.0,0.0,0.0,0.0,0.0,0.0,0.0,1.0
0.0,0.0,0.0,0.0,0.0,0.0,0.0,0.0,0.0,1.0
0.25,0.25,0.25,0.25,0.25,1.3862943649291992,0.75,4.0,0.0,4.000000015237235
0.2857142984867096,0.4285714328289032,0.0,0.2857142984867096,0.4285714328289032,1.0789921283721924,0.6530612111091614,3.0,0.1428571343421936,2.941713187201112
0.2380952388048172,0.380952388048172,0.1190476194024086,0.261904776096344,0.380952388048172,1.3135908842086792,0.7154195010662079,4.0,0.119047611951828,3.719506076029226
0.0,0.3333333432674408,0.3333333432674408,0.3333333432674408,0.3333333432674408,1.0986123085021973,0.6666666269302368,3.0,0.0,3.000000059502263
0.2222222238779068,0.3333333432674408,0.2222222238779068,0.2222222238779068,0.3333333432674408,1.368922233581543,0.7407407164573669,4.0,0.111111119389534,3.9311115914383667
0.25,0.375,0.125,0.25,0.375,1.3208882808685303,0.71875,4.0,0.125,3.746748064150549
0.5,0.5,0.0,0.0,0.5,0.6931471824645996,0.5,2.0,0.0,2.0000000038093084
0.3333333432674408,0.3333333432674408,0.0,0.3333333432674408,0.3333333432674408,1.0986123085021973,0.6666666269302368,3.0,0.0,3.000000059502263
0.0,0.0,0.0,0.0,0.0,0.0,0.0,0.0,0.0,1.0
0.0,0.0,0.0,0.0,0.0,0.0,0.0,0.0,0.0,1.0
0.25,0.25,0.25,0.25,0.25,1.3862943649291992,0.75,4.0,0.0,4.000000015237235
0.0,0.0,0.0,0.0,0.0,0.0,0.0,0.0,0.0,1.0
0.0,1.0,0.0,0.0,1.0,-0.0,0.0,1.0,1.0,1.0
0.0,0.0,0.0,0.0,0.0,0.0,0.0,0.0,0.0,1.0
0.25,0.3125,0.25,0.1875,0.3125,1.3705023527145386,0.7421875,4.0,0.0625,3.9373281262172704
0.0,0.0,0.0,0.0,0.0,0.0,0.0,0.0,0.0,1.0
0.3076923191547394,0.3076923191547394,0.1538461595773697,0.23076923191547394,0.3076923191547394,1.351681113243103,0.7337277829647064,4.0,0.0,3.8639157537123197
0.0,0.0,0.0,0.0,0.0,0.0,0.0,0.0,0.0,1.0
0.0,0.0,0.0,0.0,0.0,0.0,0.0,0.0,0.0,1.0
0.0,0.0,0.0,0.0,0.0,0.0,0.0,0.0,0.0,1.0
0.0,0.0,0.0,0.0,0.0,0.0,0.0,0.0,0.0,1.0
0.20000000298023224,0.3333333432674408,0.20000000298023224,0.2666666805744171,0.3333333432674408,1.3624475002288818,0.7377777397632599,4.0,0.06666666269302368,3.9057409149197255
0.27272728085517883,0.27272728085517883,0.1818181872367859,0.27272728085517883,0.27272728085517883,1.3730037212371826,0.7438016533851624,4.0,0.0,3.9471891627571316
0.0,0.0,0.0,0.0,0.0,0.0,0.0,0.0,0.0,1.0
0.25,0.25,0.25,0.25,0.25,1.3862943649291992,0.75,4.0,0.0,4.000000015237235
0.0,0.0,0.0,0.0,0.0,0.0,0.0,0.0,0.0,1.0
0.2142857164144516,0.3571428656578064,0.1428571492433548,0.2857142984867096,0.3571428656578064,1.3337359428405762,0.7244897782802582,4.0,0.0714285671710968,3.795195568952356
0.0,0.0,0.0,0.0,0.0,0.0,0.0,0.0,0.0,1.0
0.0,0.0,0.0,0.0,0.0,0.0,0.0,0.0,0.0,1.0
0.375,0.375,0.0,0.25,0.375,1.082195520401001,0.65625,3.0,0.0,2.951151757425013
0.25,0.375,0.125,0.25,0.375,1.3208882808685303,0.71875,4.0,0.125,3.746748064150549
0.0,1.0,0.0,0.0,1.0,-0.0,0.0,1.0,1.0,1.0
0.0,0.0,0.0,0.0,0.0,0.0,0.0,0.0,0.0,1.0
0.0,0.0,0.0,0.0,0.0,0.0,0.0,0.0,0.0,1.0
0.3333333432674408,0.3333333432674408,0.0,0.3333333432674408,0.3333333432674408,1.0986123085021973,0.6666666269302368,3.0,0.0,3.000000059502263
0.0,0.0,0.0,0.0,0.0,0.0,0.0,0.0,0.0,1.0
0.0,0.6666666865348816,0.0,0.3333333432674408,0.6666666865348816,0.6365141868591309,0.4444444179534912,2.0,0.3333333432674408,1.8898816099266726
0.3333333432674408,0.3333333432674408,0.0,0.3333333432674408,0.3333333432674408,1.0986123085021973,0.6666666269302368,3.0,0.0,3.000000059502263
0.260869562625885,0.3478260934352875,0.21739129722118378,0.17391304671764374,0.3478260934352875,1.353822112083435,0.7334593534469604,4.0,0.08695653080940247,3.872197255039079
0.25,0.25,0.25,0.25,0.25,1.3862943649291992,0.75,4.0,0.0,4.000000015237235
0.25,0.25,0.25,0.25,0.25,1.3862943649291992,0.75,4.0,0.0,4.000000015237235
0.125,0.375,0.125,0.375,0.375,1.2554823160171509,0.6875,4.0,0.0,3.5095306690537207
0.3333333432674408,0.3333333432674408,0.0,0.3333333432674408,0.3333333432674408,1.0986123085021973,0.6666666269302368,3.0,0.0,3.000000059502263
0.26923078298568726,0.3461538553237915,0.1538461595773697,0.23076923191547394,0.3461538553237915,1.3468608856201172,0.7307692170143127,4.0,0.07692307233810425,3.8453356164838874
0.20000000298023224,0.6000000238418579,0.0,0.20000000298023224,0.6000000238418579,0.9502705335617065,0.5600000023841858,3.0,0.40000003576278687,2.5864092751900403
0.25,0.25,0.25,0.25,0.25,1.3862943649291992,0.75,4.0,0.0,4.000000015237235
0.2857142984867096,0.2857142984867096,0.1428571492433548,0.2857142984867096,0.2857142984867096,1.3517839908599854,0.734693855047226,4.0,0.0,3.8643132846050605
0.0,0.0,0.0,0.0,0.0,0.0,0.0,0.0,0.0,1.0
0.5,0.5,0.0,0.0,0.5,0.6931471824645996,0.5,2.0,0.0,2.0000000038093084
0.0,0.0,0.0,0.0,0.0,0.0,0.0,0.0,0.0,1.0
0.25,0.25,0.25,0.25,0.25,1.3862943649291992,0.75,4.0,0.0,4.000000015237235
0.20000000298023224,0.4000000059604645,0.20000000298023224,0.20000000298023224,0.4000000059604645,1.332179069519043,0.7199999690055847,4.0,0.20000000298023224,3.7892915273360384
0.3076923191547394,0.38461539149284363,0.1538461595773697,0.1538461595773697,0.38461539149284363,1.306106686592102,0.7100591361522675,4.0,0.07692307233810425,3.6917724688723736
0.2857142984867096,0.2857142984867096,0.1428571492433548,0.2857142984867096,0.2857142984867096,1.3517839908599854,0.734693855047226,4.0,0.0,3.8643132846050605
0.0,0.0,0.0,0.0,0.0,0.0,0.0,0.0,0.0,1.0
0.5,0.5,0.0,0.0,0.5,0.6931471824645996,0.5,2.0,0.0,2.0000000038093084
0.0,0.0,0.0,0.0,0.0,0.0,0.0,0.0,0.0,1.0
0.0,0.5,0.0,0.5,0.5,0.6931471824645996,0.5,2.0,0.0,2.0000000038093084
0.0,0.0,0.0,0.0,0.0,0.0,0.0,0.0,0.0,1.0
0.0,0.0,0.0,0.0,0.0,0.0,0.0,0.0,0.0,1.0
0.0,0.0,0.0,0.0,0.0,0.0,0.0,0.0,0.0,1.0
0.25,0.25,0.25,0.25,0.25,1.3862943649291992,0.75,4.0,0.0,4.000000015237235
0.0,0.0,0.0,0.0,0.0,0.0,0.0,0.0,0.0,1.0
0.0,1.0,0.0,0.0,1.0,-0.0,0.0,1.0,1.0,1.0
0.3333333432674408,0.3333333432674408,0.0,0.3333333432674408,0.3333333432674408,1.0986123085021973,0.6666666269302368,3.0,0.0,3.000000059502263
0.0,0.5,0.0,0.5,0.5,0.6931471824645996,0.5,2.0,0.0,2.0000000038093084
0.0,0.6666666865348816,0.0,0.3333333432674408,0.6666666865348816,0.6365141868591309,0.4444444179534912,2.0,0.3333333432674408,1.8898816099266726
0.0,0.0,0.0,0.0,0.0,0.0,0.0,0.0,0.0,1.0
0.0,0.0,0.0,0.0,0.0,0.0,0.0,0.0,0.0,1.0
0.3333333432674408,0.5,0.0,0.1666666716337204,0.5,1.011404275894165,0.6111111044883728,3.0,0.1666666567325592,2.749459304754893
0.0,0.0,0.0,0.0,0.0,0.0,0.0,0.0,0.0,1.0
0.1428571492433548,0.2857142984867096,0.2857142984867096,0.2857142984867096,0.2857142984867096,1.3517839908599854,0.734693855047226,4.0,0.0,3.8643132846050605
0.20000000298023224,0.4000000059604645,0.20000000298023224,0.20000000298023224,0.4000000059604645,1.332179069519043,0.7199999690055847,4.0,0.20000000298023224,3.7892915273360384
0.23529411852359772,0.3529411852359772,0.11764705926179886,0.29411765933036804,0.3529411852359772,1.3197299242019653,0.7197231650352478,4.0,0.05882352590560913,3.74241050625706
0.0,0.3333333432674408,0.3333333432674408,0.3333333432674408,0.3333333432674408,1.0986123085021973,0.6666666269302368,3.0,0.0,3.000000059502263
0.27272728085517883,0.27272728085517883,0.1818181872367859,0.27272728085517883,0.27272728085517883,1.3730037212371826,0.7438016533851624,4.0,0.0,3.9471891627571316
0.0,0.0,0.0,0.0,0.0,0.0,0.0,0.0,0.0,1.0
0.1666666716337204,0.3333333432674408,0.1666666716337204,0.3333333432674408,0.3333333432674408,1.3296613693237305,0.7222222089767456,4.0,0.0,3.7797632270524875
0.3333333432674408,0.3333333432674408,0.0,0.3333333432674408,0.3333333432674408,1.0986123085021973,0.6666666269302368,3.0,0.0,3.000000059502263
0.2142857164144516,0.2857142984867096,0.2142857164144516,0.2857142984867096,0.2857142984867096,1.3760552406311035,0.7448979616165161,4.0,0.0,3.9592524834063125
0.0,0.5,0.0,0.5,0.5,0.6931471824645996,0.5,2.0,0.0,2.0000000038093084
0.0,0.0,0.0,0.0,0.0,0.0,0.0,0.0,0.0,1.0
0.25999999046325684,0.30000001192092896,0.20000000298023224,0.23999999463558197,0.30000001192092896,1.3758265972137451,0.7448000013828278,4.0,0.04000002145767212,3.958347329870964
0.1666666716337204,0.3333333432674408,0.1666666716337204,0.3333333432674408,0.3333333432674408,1.3296613693237305,0.7222222089767456,4.0,0.0,3.7797632270524875
0.0,0.0,0.0,0.0,0.0,0.0,0.0,0.0,0.0,1.0
0.25,0.5,0.0,0.25,0.5,1.0397207736968994,0.625,3.0,0.25,2.828427132826954
0.0,0.5,0.0,0.5,0.5,0.6931471824645996,0.5,2.0,0.0,2.0000000038093084
0.0,1.0,0.0,0.0,1.0,-0.0,0.0,1.0,1.0,1.0
0.0,0.0,0.0,0.0,0.0,0.0,0.0,0.0,0.0,1.0
0.3333333432674408,0.3333333432674408,0.0,0.3333333432674408,0.3333333432674408,1.0986123085021973,0.6666666269302368,3.0,0.0,3.000000059502263
0.20000000298023224,0.4000000059604645,0.20000000298023224,0.20000000298023224,0.4000000059604645,1.332179069519043,0.7199999690055847,4.0,0.20000000298023224,3.7892915273360384
0.0,0.0,0.0,0.0,0.0,0.0,0.0,0.0,0.0,1.0
0.0,0.0,0.0,0.0,0.0,0.0,0.0,0.0,0.0,1.0
0.0,0.0,0.0,0.0,0.0,0.0,0.0,0.0,0.0,1.0
0.0,0.0,0.0,0.0,0.0,0.0,0.0,0.0,0.0,1.0
0.0,0.0,0.0,0.0,0.0,0.0,0.0,0.0,0.0,1.0
0.25,0.3076923191547394,0.19230769574642181,0.25,0.3076923191547394,1.3728599548339844,0.74334317445755,4.0,0.05769231915473938,3.946621730358294
0.0,0.0,0.0,0.0,0.0,0.0,0.0,0.0,0.0,1.0
0.0,0.0,0.0,0.0,0.0,0.0,0.0,0.0,0.0,1.0
0.0,0.0,0.0,0.0,0.0,0.0,0.0,0.0,0.0,1.0
0.0,0.0,0.0,0.0,0.0,0.0,0.0,0.0,0.0,1.0
0.0,0.0,0.0,0.0,0.0,0.0,0.0,0.0,0.0,1.0
0.0,0.0,0.0,0.0,0.0,0.0,0.0,0.0,0.0,1.0
0.0,0.0,0.0,0.0,0.0,0.0,0.0,0.0,0.0,1.0
0.0,0.0,0.0,0.0,0.0,0.0,0.0,0.0,0.0,1.0
0.0,0.0,0.0,0.0,0.0,0.0,0.0,0.0,0.0,1.0
0.0,0.0,0.0,0.0,0.0,0.0,0.0,0.0,0.0,1.0
0.0,0.0,0.0,0.0,0.0,0.0,0.0,0.0,0.0,1.0
0.0,0.0,0.0,0.0,0.0,0.0,0.0,0.0,0.0,1.0
0.0,0.0,0.0,0.0,0.0,0.0,0.0,0.0,0.0,1.0
0.0,0.0,0.0,0.0,0.0,0.0,0.0,0.0,0.0,1.0
0.24822695553302765,0.3191489279270172,0.1702127605676651,0.26241135597229004,0.3191489279270172,1.3628431558609009,0.7386952340602875,4.0,0.05673757195472717,3.9072865490591835
0.20000000298023224,0.4000000059604645,0.10000000149011612,0.30000001192092896,0.4000000059604645,1.2798542976379395,0.699999988079071,4.0,0.09999999403953552,3.596115724840784
0.0,0.0,0.0,0.0,0.0,0.0,0.0,0.0,0.0,1.0
0.0,0.0,0.0,0.0,0.0,0.0,0.0,0.0,0.0,1.0
0.0,0.0,0.0,0.0,0.0,0.0,0.0,0.0,0.0,1.0
0.22535210847854614,0.3380281627178192,0.18309858441352844,0.2535211145877838,0.3380281627178192,1.3611904382705688,0.7371552884578705,4.0,0.0845070481300354,3.9008342412390955
0.0,0.0,0.0,0.0,0.0,0.0,0.0,0.0,0.0,1.0
0.0,0.0,0.0,0.0,0.0,0.0,0.0,0.0,0.0,1.0
0.0,0.0,0.0,0.0,0.0,0.0,0.0,0.0,0.0,1.0
0.25,0.25,0.25,0.25,0.25,1.3862943649291992,0.75,4.0,0.0,4.000000015237235
0.0,0.0,0.0,0.0,0.0,0.0,0.0,0.0,0.0,1.0
0.1428571492433548,0.4285714328289032,0.1428571492433548,0.2857142984867096,0.4285714328289032,1.2770342826843262,0.6938775181770325,4.0,0.1428571343421936,3.585988910317114
0.0,0.4000000059604645,0.20000000298023224,0.4000000059604645,0.4000000059604645,1.0549201965332031,0.6399999856948853,3.0,0.0,2.871745969472488
0.0,0.0,0.0,0.0,0.0,0.0,0.0,0.0,0.0,1.0
0.25,0.3214285671710968,0.1428571492433548,0.2857142984867096,0.3214285671710968,1.3473079204559326,0.7321428656578064,4.0,0.03571426868438721,3.8470549997433308
0.0,1.0,0.0,0.0,1.0,-0.0,0.0,1.0,1.0,1.0
0.1428571492433548,0.4285714328289032,0.1428571492433548,0.2857142984867096,0.4285714328289032,1.2770342826843262,0.6938775181770325,4.0,0.1428571343421936,3.585988910317114
0.3333333432674408,0.3333333432674408,0.3333333432674408,0.0,0.3333333432674408,1.0986123085021973,0.6666666269302368,3.0,0.0,3.000000059502263
0.125,0.25,0.25,0.375,0.375,1.3208882808685303,0.71875,4.0,0.125,3.746748064150549
0.0,0.0,0.0,0.0,0.0,0.0,0.0,0.0,0.0,1.0
0.1111111119389534,0.5555555820465088,0.0,0.3333333432674408,0.5555555820465088,0.9368883371353149,0.5679011940956116,3.0,0.222222238779068,2.5520279998114748
0.20000000298023224,0.4000000059604645,0.0,0.4000000059604645,0.4000000059604645,1.0549201965332031,0.6399999856948853,3.0,0.0,2.871745969472488
0.2916666567325592,0.5,0.0,0.2083333283662796,0.5,1.0327438116073608,0.6215277016162872,3.0,0.2083333432674408,2.808761985214493
0.20000000298023224,0.4000000059604645,0.20000000298023224,0.20000000298023224,0.4000000059604645,1.332179069519043,0.7199999690055847,4.0,0.20000000298023224,3.7892915273360384
0.20000000298023224,0.4000000059604645,0.20000000298023224,0.20000000298023224,0.4000000059604645,1.332179069519043,0.7199999690055847,4.0,0.20000000298023224,3.7892915273360384
0.1666666716337204,0.3333333432674408,0.1666666716337204,0.3333333432674408,0.3333333432674408,1.3296613693237305,0.7222222089767456,4.0,0.0,3.7797632270524875
0.0,0.0,0.0,0.0,0.0,0.0,0.0,0.0,0.0,1.0
0.0,0.0,0.0,0.0,0.0,0.0,0.0,0.0,0.0,1.0
0.3333333432674408,0.3333333432674408,0.0,0.3333333432674408,0.3333333432674408,1.0986123085021973,0.6666666269302368,3.0,0.0,3.000000059502263
0.0,0.0,0.0,0.0,0.0,0.0,0.0,0.0,0.0,1.0
0.3333333432674408,0.5,0.0,0.1666666716337204,0.5,1.011404275894165,0.6111111044883728,3.0,0.1666666567325592,2.749459304754893
0.1764705926179886,0.3529411852359772,0.1764705926179886,0.29411765933036804,0.3529411852359772,1.3397181034088135,0.7266435623168945,4.0,0.05882352590560913,3.8179670817477827
0.0,0.5,0.0,0.5,0.5,0.6931471824645996,0.5,2.0,0.0,2.0000000038093084
0.0,1.0,0.0,0.0,1.0,-0.0,0.0,1.0,1.0,1.0
0.2380952388048172,0.3333333432674408,0.1428571492433548,0.2857142984867096,0.3333333432674408,1.3438103199005127,0.7301587164402008,4.0,0.0476190447807312,3.8336230415447194
0.2857142984867096,0.2857142984867096,0.2142857164144516,0.2142857164144516,0.2857142984867096,1.3760552406311035,0.7448979318141937,4.0,0.0,3.9592524834063125
0.3333333432674408,0.3333333432674408,0.0,0.3333333432674408,0.3333333432674408,1.0986123085021973,0.6666666269302368,3.0,0.0,3.000000059502263
0.3333333432674408,0.3333333432674408,0.0,0.3333333432674408,0.3333333432674408,1.0986123085021973,0.6666666269302368,3.0,0.0,3.000000059502263
0.5,0.5,0.0,0.0,0.5,0.6931471824645996,0.5,2.0,0.0,2.0000000038093084
0.23076923191547394,0.3076923191547394,0.1538461595773697,0.3076923191547394,0.3076923191547394,1.351681113243103,0.7337277829647064,4.0,0.0,3.8639157537123197
0.24015748500823975,0.36220473051071167,0.14960630238056183,0.24803149700164795,0.36220473051071167,1.3404302597045898,0.727230429649353,4.0,0.11417323350906372,3.8206870394446595
0.0,0.0,0.0,0.0,0.0,0.0,0.0,0.0,0.0,1.0
0.0,0.0,0.0,0.0,0.0,0.0,0.0,0.0,0.0,1.0
0.0,0.0,0.0,0.0,0.0,0.0,0.0,0.0,0.0,1.0
0.0,0.0,0.0,0.0,0.0,0.0,0.0,0.0,0.0,1.0
0.0,0.0,0.0,0.0,0.0,0.0,0.0,0.0,0.0,1.0
0.0,0.0,0.0,0.0,0.0,0.0,0.0,0.0,0.0,1.0
0.5,0.5,0.0,0.0,0.5,0.6931471824645996,0.5,2.0,0.0,2.0000000038093084
0.3333333432674408,0.3333333432674408,0.0,0.3333333432674408,0.3333333432674408,1.0986123085021973,0.6666666269302368,3.0,0.0,3.000000059502263
0.0,0.0,0.0,0.0,0.0,0.0,0.0,0.0,0.0,1.0
0.2639999985694885,0.31200000643730164,0.15199999511241913,0.2720000147819519,0.31200000643730164,1.3554797172546387,0.7358720004558563,4.0,0.03999999165534973,3.878621151904396
0.0,1.0,0.0,0.0,1.0,-0.0,0.0,1.0,1.0,1.0
0.0,0.0,0.0,0.0,0.0,0.0,0.0,0.0,0.0,1.0
0.3055555522441864,0.3611111044883728,0.0833333358168602,0.25,0.3611111044883728,1.2837399244308472,0.7067900896072388,4.0,0.0555555522441864,3.610116070896619
0.25,0.3333333432674408,0.1666666716337204,0.25,0.3333333432674408,1.3579778671264648,0.7361111044883728,4.0,0.0833333432674408,3.888322641680226
0.0,0.0,0.0,0.0,0.0,0.0,0.0,0.0,0.0,1.0
0.0,0.0,0.0,0.0,0.0,0.0,0.0,0.0,0.0,1.0
0.20000000298023224,0.4000000059604645,0.20000000298023224,0.20000000298023224,0.4000000059604645,1.332179069519043,0.7199999690055847,4.0,0.20000000298023224,3.7892915273360384
0.0,0.0,0.0,0.0,0.0,0.0,0.0,0.0,0.0,1.0
0.0,0.0,0.0,0.0,0.0,0.0,0.0,0.0,0.0,1.0
0.0,0.5,0.0,0.5,0.5,0.6931471824645996,0.5,2.0,0.0,2.0000000038093084
0.25,0.375,0.125,0.25,0.375,1.3208882808685303,0.71875,4.0,0.125,3.746748064150549
0.25,0.25,0.25,0.25,0.25,1.3862943649291992,0.75,4.0,0.0,4.000000015237235
0.0,0.0,0.0,0.0,0.0,0.0,0.0,0.0,0.0,1.0
0.0,0.0,0.0,0.0,0.0,0.0,0.0,0.0,0.0,1.0
0.0,0.0,0.0,0.0,0.0,0.0,0.0,0.0,0.0,1.0
0.20000000298023224,0.4000000059604645,0.15000000596046448,0.25,0.4000000059604645,1.3195453882217407,0.7149999737739563,4.0,0.15000000596046448,3.7417199605831057
0.0,0.0,0.0,0.0,0.0,0.0,0.0,0.0,0.0,1.0
0.1818181872367859,0.3636363744735718,0.1818181872367859,0.27272728085517883,0.3636363744735718,1.3421130180358887,0.7272727191448212,4.0,0.09090909361839294,3.827121744900261
0.27272728085517883,0.27272728085517883,0.22727273404598236,0.22727273404598236,0.27272728085517883,1.3821563720703125,0.7479338645935059,4.0,0.0,3.983482242520866
0.0,0.0,0.0,0.0,0.0,0.0,0.0,0.0,0.0,1.0
0.0,0.0,0.0,0.0,0.0,0.0,0.0,0.0,0.0,1.0
0.20987653732299805,0.37037035822868347,0.17283950746059418,0.2469135820865631,0.37037035822868347,1.3443009853363037,0.7279378175735474,4.0,0.12345677614212036,3.835504529417843
0.2631579041481018,0.35789474844932556,0.1473684161901474,0.23157894611358643,0.35789474844932556,1.3400042057037354,0.7273130118846893,4.0,0.09473684430122375,3.8190595671656475
0.0,0.0,0.0,0.0,0.0,0.0,0.0,0.0,0.0,1.0
0.2857142984867096,0.30612245202064514,0.16326530277729034,0.2448979616165161,0.30612245202064514,1.3607596158981323,0.7380258142948151,4.0,0.020408153533935547,3.8991540365376793
0.2777777910232544,0.2777777910232544,0.1666666716337204,0.2777777910232544,0.2777777910232544,1.3660714626312256,0.7407407164573669,4.0,0.0,3.9199208514081634
0.0,0.0,0.0,0.0,0.0,0.0,0.0,0.0,0.0,1.0
